1	1	רוצה	אֶמינֶה סֶבְגִי אוֹזדָמָר	איסטנבול שלי	7	אֲדוֹנִי, אִם אַתָּה לֹא יוֹדֵעַ לְאָן אַתָּה רוֹצֶה לִנְסוֹעַ, לָמָּה נִכְנֶסֶת לְמוֹנִית שֶׁלִּי?	גְּבֶרְתִּי, אִם אֶתְּ לֹא יוֹדַעַת לְאָן אַתְּ רוֹצָה לִנְסוֹעַ, לָמָּה נִכְנֶסֶת לְמוֹנִית שֶׁלִּי?	2	1	1
2	1	רוצה	אֶמינֶה סֶבְגִי אוֹזדָמָר	איסטנבול שלי	11	הָאַחֵר הִתְרַגֵז וְאָמַר: "מָה פִּתְאוֹם אַתָּה נוֹתֵן לִי שָׁלוֹשׁ לִירוֹת, אֲנִי רוֹצֶה לִירָה אַחַת."	הָאַחֶרֶת הִתְרַגְּזָה וְאָמְרָה: "מָה פִּתְאוֹם אֶת נוֹתֶנֶת לִי שָׁלוֹשׁ לִירוֹת, אֲנִי רוֹצֶה לִירָה אַחַת."	1	1	0
3	2	רואה	אָישָה דה לה קרוס	Famous Blue Raincoat	12	הַחֲתִימָה עוֹמֶדֶת בְּנִיגּוּד אַכְזָרִי לְנִימָה שֶׁל הַמִּכְתָּב עַצְמוֹ, וְגַם כָּךְ, הוּא לֹא רוֹאֶה בָּהּ שֶׁמֶץ שֶׁל אִירוֹנְיָה.	הַחֲתִימָה עוֹמֶדֶת בְּנִיגּוּד אַכְזָרִי לְנִימָה שֶׁל הַמִּכְתָּב עַצְמוֹ, וְגַם כָּךְ, הִיא לֹא רוֹאָה בָּהּ שֶׁמֶץ שֶׁל אִירוֹנְיָה.	1	1	1
4	2	רוצה	אָישָה דה לה קרוס	Famous Blue Raincoat	10	כְּשֶׁהֵם יַחַד בְּקָרָוָואן הַמַּחְסוֹר בְּמֶרְחָב מִחְיָיה בִּלְתִּי נִסְבָּל, וְהוּא רַק רוֹצֶה שֶׁהִיא תִּתְפּוֹגֵג.	כְּשֶׁהֵם יַחַד בְּקָרָוָואן הַמַּחְסוֹר בְּמֶרְחָב מִחְיָיה בִּלְתִּי נִסְבָּל, וְהִיא רַק רוֹצֶה שֶׁהוּא יִתְפּוֹגֵג.	1	1	0
5	2	רוצה	אָישָה דה לה קרוס	Famous Blue Raincoat	1	הוּא רוֹצֶה לִבְרוֹחַ מִשָּׁם, אֲבָל מַשֶּׁהוּ בְּצוּרוֹת הַמְּעוּיָנוֹת שֶׁמְּקַשְּׁטוֹת אֶת הַקַּשְׂקַשִּׂים שֶׁלּוֹ מֵהַפַּנְט וּמוֹנֵעַ מִמֶּנּוּ לְהַתִּיק אֶת מַבָּטוֹ.	הִיא רוֹצָה לִבְרוֹחַ מִשָּׁם, אֲבָל מַשֶּׁהוּ בְּצוּרוֹת הַמְּעוּיָנוֹת שֶׁמְּקַשְּׁטוֹת אֶת הַקַּשְׂקַשִּׂים שֶׁלּוֹ מֵהַפַּנֵט וּמוֹנֵעַ מִמֶּנָּה לְהַתִּיק אֶת מַבָּטָהּ.	1	1	1
6	3	חולה	אדגר אלן פו	הבור והמטוטלת	2	בְּקוֹמִי הִרְגַּשְׁתִּי חוֹלֶה וְחַלָּשׁ עַד מְאוֹד – הוֹ, עַד כְּלוֹת כָּל הַכּוֹחוֹת!	בְּקוֹמִי הִרְגַּשְׁתִּי חוֹלֶה וְחַלָּשָׁה עַד מְאוֹד – הוֹ, עַד כְּלוֹת כָּל הַכּוֹחוֹת!	1	1	0
7	4	טועה	אדגר אלן פו	הלב המדובב	6	כְּלוּם לֹא אָמַרְתִּי לְךָ שָׁמָה שֶׁאַתָּה טוֹעֶה לִרְאוֹת בּוֹ שִׁיגָעוֹן אֵינוֹ אֶלָּא חַדוֹת-יֶתֶר שֶׁל הַחוּשִׁים?	כְּלוּם לֹא אָמַרְתִּי לְךָ שָׂמָה שֶׁאַתְּ טוֹעֶה לִרְאוֹת בּוֹ שִׁיגָעוֹן אֵינוֹ אֶלָּא חַדוֹת-יֶתֶר שֶׁל הַחוּשִׁים?	1	1	0
8	6	בוהה	אדגר אלן פו	נפילת בית אשר	2	כִּי רְאִיתִיו בּוֹהָה לְרֵיק בְּמֶשֶׁךְ שָׁעוֹת אֲרוּכּוֹת, וְכָל-כּוּלּוֹ דָּרוּךְ כְּאִילּוּ הָיָה מַאֲזִין לְאֵיזֶה צְלִיל דִּמְיוֹנִי.	כִּי רְאִיתִיהָ בּוֹהָה לְרֵיק בְּמֶשֶׁךְ שָׁעוֹת אֲרוּכּוֹת, וְכָל-כּוּלָּהּ דְּרוּכָה כְּאִילּוּ הָיְיתָה מַאֲזִינָה לְאֵיזֶה צְלִיל דִּמְיוֹנִי.	1	0	1
9	7	בוכה	אדהם עאדל	כליון	7	כַּעֲבוֹר חוֹדָשִׁים סְפוּרִים הוֹפִיעַ בַּמְּעָרָה, לְבַדּוֹ, תִּינוֹק בּוֹכָה, אוֹחֵז בְּיָדָיו תִּלְיוֹן קָטָן בְּצֶבַע כֶּסֶף, חֲלוּד בְּשׁוּלָיו, שֶׁחִיסֵּל אֶת מָה שֶׁנּוֹתַר מֵהָאֱנוֹשׁוּת.	כַּעֲבוֹר חוֹדָשִׁים סְפוּרִים הוֹפִיעָה בַּמְּעָרָה, לְבַדָּהּ, תִּינוֹקֶת בּוֹכָה, אוֹחֶזֶת בְּיָדֶיהָ תִּלְיוֹן קָטָן בְּצֶבַע כֶּסֶף, חֲלוּד בְּשׁוּלָיו, שֶׁחִיסֵּל אֶת מָה שֶׁנּוֹתַר מֵהָאֱנוֹשׁוּת.	1	0	1
10	8	רוצה	אדוארדו ברטי	יומנה של קוראת עיתונים	18	הָאֱמֶת, אֲנִי לֹא יוֹדֵעַ אִם הִתְעַצְבַּנְתִּי בִּגְלַל מָה שֶׁסִּיפֵּר לִי אוֹ כִּי אֶתְמוֹל הָיָה יוֹם רִאשׁוֹן וַאֲנִי לֹא רוֹצָה שֶׁיַּפְרִיעוּ לִי בְּסוֹפֵי שָׁבוּעַ.	הָאֱמֶת, אֲנִי לֹא יוֹדַעַת אִם הִתְעַצְבַּנְתִּי בִּגְלַל מָה שֶׁסִּיפְּרָה לִי אוֹ כִּי אֶתְמוֹל הָיָה יוֹם רִאשׁוֹן וַאֲנִי לֹא רוֹצָה שֶׁיַּפְרִיעוּ לִי בְּסוֹפֵי שָׁבוּעַ.	2	0	1
11	8	רוצה	אדוארדו ברטי	יומנה של קוראת עיתונים	11	הוּא נִרְאֶה מְחוּנָּךְ, אֲבָל אֲנִי לֹא חוֹשֶׁבֶת שֶׁהוּא כְּמוֹ שֶׁאַתָּה הָיִית רוֹצֶה שֶׁהוּא יִהְיֶה.	הִיא נִרְאֵית מְחוּנֶּכֶת, אֲבָל אֲנִי לֹא חוֹשֶׁבֶת שֶׁהִיא כְּמוֹ שֶׁאַתְּ הָיִית רוֹצֶה שֶׁהִיא תִּהְיֶה.	1	1	0
12	8	רוצה	אדוארדו ברטי	יומנה של קוראת עיתונים	9	אָדָם מַתְחִיל לִבְכּוֹת וְאוֹמֵר שֶׁהוּא צָרִיךְ לִפְגּוֹשׁ אוֹתִי, הוּא רוֹצֶה לְסַפֵּר לִי מָה קָרָה.	אָנָה מַתְחִילָה לִבְכּוֹת וְאוֹמֶרֶת שֶׁהִיא צְרִיכָה לִפְגּוֹשׁ אוֹתִי, הִיא רוֹצָה לְסַפֵּר לִי מָה קָרָה.	2	1	1
13	8	רואה	אדוארדו ברטי	יומנה של קוראת עיתונים	2	אֲנִי לֹא רוֹאָה טֵלֵוִויזְיָה וְלֹא שׁוֹמֵעַ רַדְיוֹ, כְּדֵי לֹא לִשְׁמוֹעַ חֲדָשׁוֹת שֶׁטֶּרֶם קָרָאתִי.	אֲנִי לֹא רוֹאָה טֵלֵוִויזְיָה וְלֹא שׁוֹמַעַת רַדְיוֹ, כְּדֵי לֹא לִשְׁמוֹעַ חֲדָשׁוֹת שֶׁטֶּרֶם קָרָאתִי.	2	0	1
14	8	דומה	אדוארדו ברטי	יומנה של קוראת עיתונים	6	הַתְּמוּנָה הָיְתָה מְעוּרְפֶּלֶת, אֲבָל הַבָּחוּר הַזֶּה דּוֹמֶה לְךָ כָּל כָּךְ עַד שֶׁהֶחְלַטְתִּי לִבְחוֹן אֶת הַתְּמוּנָה בִּזְכוּכִית מִגְדֶּלֶת.	הַתְּמוּנָה הָיְתָה מְעוּרְפֶּלֶת, אֲבָל הַבַּחוּרָה הַזּוֹ דּוֹמֶה לְךָ כָּל כָּךְ עַד שֶׁהֶחְלַטְתִּי לִבְחוֹן אֶת הַתְּמוּנָה בִּזְכוּכִית מִגְדֶּלֶת.	1	1	0
15	8	רוצה	אדוארדו ברטי	יומנה של קוראת עיתונים	4	אֲנִי מַנִּיחַ שֶׁהוּא הָיָה רוֹצֶה שֶׁהַיּוֹמָן יִיגָּמֵר בַּתְּמוּנָה הַזֹּאת שֶׁגְּזַרְתִּי מֵהָעִיתּוֹן וַאֲנִי עוֹמֵד לְהַדְבִּיק פֹּה.	אֲנִי מַנִּיחָה שֶׁהִיא הָיְתָה רוֹצָה שֶׁהַיּוֹמָן יִיגָּמֵר בַּתְּמוּנָה הַזֹּאת שֶׁגְּזַרְתִּי מֵהָעִיתּוֹן וַאֲנִי עוֹמֶדֶת לְהַדְבִּיק פֹּה.	2	1	1
16	9	רוצה	אדוארדו חלפון	המתאגרף הפולני	12	אַחַר כָּךְ חָשַׁבְתִּי שֶׁאַחֲרֵי שֶׁשָּׁתָה מֵעֵבֶר לְמִידָּה, בְּמַצָּבוֹ הַגּוּפָנִי הַנּוֹכְחִי, מָה שֶׁהוּא רוֹצֶה לְסַפֵּר לִי עָלוּל לְטַלְטֵל אוֹתוֹ, אוּלַי יוֹתֵר מִדַּי.	אַחַר כָּךְ חָשַׁבְתִּי שֶׁאַחֲרֵי שֶׁשָּׁתְתָה מֵעֵבֶר לְמִידָּה, בְּמַצָּבָהּ הַגּוּפָנִי הַנּוֹכְחִי, מָה שֶׁהִיא רוֹצָה לְסַפֵּר לִי עָלוּל לְטַלְטֵל אוֹתָהּ, אוּלַי יוֹתֵר מִדַּי.	1	1	1
17	9	רוצה	אדוארדו חלפון	המתאגרף הפולני	7	לָקַחְתִּי אֶת הַבַּקְבּוּק וְשָׁאַלְתִּי אוֹתוֹ אִם הוּא רוֹצֶה שֶׁאִמְזוֹג לוֹ עוֹד קְצָת, אֲבָל הוּא לֹא עָנָה לִי וְאוּלַי לֹא שָׁמַע.	לָקַחְתִּי אֶת הַבַּקְבּוּק וְשָׁאַלְתִּי אוֹתָהּ אִם הִיא רוֹצָה שֶׁאִמְזוֹג לָהּ עוֹד קְצָת, אֲבָל הִיא לֹא עָנְתָה לִי וְאוּלַי לֹא שָׁמְעָה.	1	1	1
18	10	רוצה	אדית נסביט	משחררי הממלכה	2	הוּ, אֲנִי רוֹצָה הַבַּיְתָה, אָמַר אֶפִּי.	הוּ, אֲנִי רוֹצָה הַבַּיְתָה, אָמְרָה אֶפִי.	2	0	1
19	10	תוהה	אדית נסביט	משחררי הממלכה	4	הָאֲרִי, אָמַר אֶפִּי, "אֲנִי תּוֹהֶה מָתַי הוּא יֹאכַל אוֹתָנוּ!"	הָאֲרִי, אָמְרָה אֶפִּי, "אֲנִי תּוֹהֶה מָתַי הוּא יֹאכַל אוֹתָנוּ!"	2	1	0
20	10	בוכה	אדית נסביט	משחררי הממלכה	4	וְהֵם רָאוּ אֶת אֲבִיהֶם בּוֹכָה בַּבַּיִת עַל יְלָדָיו שֶׁנֶּעֶלְמוּ בְּאוֹר הַיּוֹם הָאִיּוּם וּמֵטִיל הָאֵימָה.	וְהֵם רָאוּ אֶת אִמָּם בּוֹכָה בַּבַּיִת עַל יְלָדֶיהָ שֶׁנֶּעֶלְמוּ בְּאוֹר הַיּוֹם הָאִיּוּם וּמֵטִיל הָאֵימָה.	2	0	1
21	11	רוצה	אדית נסביט	ספר היצורים	12	וְאָז לְיוּנָל חָבֵשׁ אֶת כִּתְרוֹ וְיָשַׁב עַל כֵּס הַמְּלוּכָה שֶׁלּוֹ וְאָמַר שֶׁהוּא רוֹצֶה לְחוֹקֵק כַּמָּה חוּקִּים.	וְאָז לִיאַת חִבְשָׁה אֶת כַּתָרָה וְיָשְׁבָה עַל כֵּס הַמְּלוּכָה שֶׁלָּהּ וְאָמְרָה שֶׁהִיא רוֹצָה לְחוֹקֵק כַּמָּה חוּקִּים.	1	1	1
22	11	טועה	אדית נסביט	ספר היצורים	4	הוּא הָפַךְ לְמִי שֶׁאֵינוֹ טוֹעֶה לְעוֹלָם – זֹאת אוֹמֶרֶת, כָּל מָה שֶׁאָמַר הָיָה נָכוֹן, וְהוּא לֹא הָיָה מְסוּגָּל לִטָעוּת.	הִיא הָפְכָה לְמִי שֶׁאֵינָהּ טוֹעָה לְעוֹלָם – זֹאת אוֹמֶרֶת, כָּל מָה שֶׁאָמְרָה הָיָה נָכוֹן, וְהִיא לֹא הָיְיתָה מְסוּגֶּלֶת לִטָעוּת.	1	1	1
23	11	שותה	אדית נסביט	ספר היצורים	1	הוּא שׁוֹתֶה אֶת הַדָּם שֶׁלָּהֶם.	הִיא שׁוֹתֶה אֶת הַדָּם שֶׁלָּהֶם.	1	1	0
24	11	עולה	אדית נסביט	ספר היצורים	4	שֶׁאִם לֹא כֵּן, הָיָה עוֹלֶה בְּאֵשׁ בִּגְלַל חַמָּה שֶׁל הַשֶּׁמֶשׁ.	שֶׁאִם לֹא כֵּן, הָיְיתָה עוֹלֶה בְּאֵשׁ בִּגְלַל חוֹמָה שֶׁל הַשֶּׁמֶשׁ.	1	1	0
25	11	רואה	אדית נסביט	ספר היצורים	3	נִדְמֶה לִי שֶׁאֲנִי רוֹאֶה טוֹב יוֹתֵר וְשׁוֹמֵעַ טוֹב יוֹתֵר אַחֲרֵי שֶׁבָּכִיתִי בְּמֶשֶׁךְ שָׁבוּעַ.	נִדְמֶה לִי שֶׁאֲנִי רוֹאֶה טוֹב יוֹתֵר וְשׁוֹמַעַת טוֹב יוֹתֵר אַחֲרֵי שֶׁבָּכִיתִי בְּמֶשֶׁךְ שָׁבוּעַ.	1	1	0
26	11	דומה	אדית נסביט	ספר היצורים	3	חוּץ מֵהַכְּנָפִיִם, אַתָּה דּוֹמֶה מְאוֹד לְסוּס הַנַּדְנֵדָה הַמִּסְכֵּן, הַיָּקָר וְהָאָבוּד שֶׁלִּי.	חוּץ מֵהַכְּנָפִיִם, אֶת דּוֹמֶה מְאוֹד לְסוּס הַנַּדְנֵדָה הַמִּסְכֵּן, הַיָּקָר וְהָאָבוּד שֶׁלִּי.	1	1	0
27	11	רואה	אדית נסביט	ספר היצורים	2	אַתָּה לֹא רוֹאֶה שֶׁאֲנַחְנוּ לֹא לְבַד?	אֶת לֹא רוֹאֶה שֶׁאֲנַחְנוּ לֹא לְבַד?	1	1	0
28	12	בונה	אדית נסביט	רקס פורטונטוס ושות'	10	וּשְׁתֵּיהֶן, תִּסְלַח לִי, מִלְבָּנִים אֲדוּמּוֹת; לֹא מֵהַחוֹמֶר הַזּוֹל הַצָּהוֹב שֶׁאַתָּה בּוֹנֶה בּוֹ בְּדֶרֶךְ כְּלָל.	וּשְׁתֵּיהֶן, תִּסְלַח לִי, מִלְבְּנִים אֲדָמוֹת; לֹא מֵהַחֹמֶר הַזּוֹל הַצָּהָב שֶׁאַתְּ בּוֹנָה בּוֹ בְּדֶרֶךְ כְּלָל.	1	1	0
29	12	רוצה	אדית נסביט	רקס פורטונטוס ושות'	12	אָז לְבַסּוֹף הֵם שָׁאֲלוּ אֶת הַנָּסִיךְ הַקָּטָן דֵּנִיס לְאָן הוּא הוֹלֵךְ כְּשֶׁהוּא רוֹצֶה לְהַשִּׂיג תַּפּוּחִים.	אָז לְבַסּוֹף הֵם שָׁאֲלוּ אֶת הַנְּסִיכָה הַקְּטַנָּה דְּנִיסָה לְאָן הִיא הוֹלֶכֶת כְּשֶׁהִיא רוֹצָה לְהַשִּׂיג תַּפּוּחִים.	1	1	1
30	13	חולה	אדם מארק	טמגוצ׳י	8	אֲבָל כְּשֶׁהָפַכְתִּי אוֹתוֹ בַּחֲזָרָה, מִימוֹ עֲדַיִין הָיָה שָׁם, חוֹלֶה כְּמִקּוֹדֶם.	אֲבָל כְּשֶׁהָפַכְתִּי אוֹתָהּ בַּחֲזָרָה, מִימוֹ עֲדַיִין הָיְיתָה שָׁם, חוֹלֶה כְּמִקּוֹדֶם.	1	1	0
31	13	חולה	אדם מארק	טמגוצ׳י	2	מִיְמוֹ נִרְאֶה חוֹלֶה גַּם עַל הַצַּג שֶׁל בָּקִי.	מִיְמוֹ נִרְאֲתָה חוֹלֶה גַּם עַל הַצַּג שֶׁל בָּקִי.	1	1	0
32	13	חולה	אדם מארק	טמגוצ׳י	3	אֶחָד בָּרִיא, הַשֵּׁנִי חוֹלֶה.	אַחַת בְּרִיאָה, הַשְּׁנִיָּיה חוֹלֶה.	1	1	0
33	13	תוהה	אדם מארק	טמגוצ׳י	9	יֶלֶד רָזֶה שֶׁנָּפְלוּ לוֹ שְׁתֵּי שִׁינַּיִים קִדְמִיּוֹת הִבִּיט בְּנוֹ, תּוֹהֶה מָה אֲנַחְנוּ עוֹשִׂים.	יַלְדָּה רָזֶה שֶׁנָּפְלוּ לָהּ שְׁתֵּי שִׁינַּיִים קִדְמִיּוֹת הִבִּיטָה בְּנוֹ, תּוֹהֶה מָה אֲנַחְנוּ עוֹשִׂים.	1	1	0
34	14	דוחה	אדם מקומבר	הגן האוטומטי	14	הָיוּ אֲפִילּוּ שְׁמוּעוֹת עַל כִּישּׁוּף, אִם כִּי אֶנְדְּרֶה פְלִיבֵיְין, הִיסְטוֹרְיוֹן הֶחָצֵר שֶׁל לוּאִי הָאַרְבָּעָה-עָשָׂר, דּוֹחֶה הַשְׁעָרוֹת מֵעֵין אֵלֶּה.	הָיוּ אֲפִילּוּ שְׁמוּעוֹת עַל כִּישּׁוּף, אִם כִּי אֶנְדְּרֶה פְלִיבֵיְין, הִיסְטוֹרְיוֹנִית הֶחָצֵר שֶׁל לוּאי הָאַרְבָּעָה-עָשָׂר, דּוֹחֶה הַשְׁעָרוֹת מֵעֵין אֵלֶּה.	1	1	0
35	14	תוהה	אדם מקומבר	הגן האוטומטי	25	וַאֲפִילּוּ בִּזְמַן כְּתִיבָתָן שֶׁל שׁוּרוֹת אֵלֶּה, בְּיוֹשְׁבֵי אֶל שׁוּלְחַן הָעֵץ בְּבֵיתִי, בְּעוֹדִי שׁוֹמֵעַ אֶת צְלִיל קוֹלָהּ שֶׁל אִשְׁתִּי הַטּוֹבָה מְדַבֶּרֶת אֶל יַלְדֵי בַּחֲדָרִים שֶׁבַּקּוֹמָה הָעֶלְיוֹנָה, תּוֹהָה אֲנִי שֶׁמָּא עוֹדֶנִּי בַּגַּן הַהוּא, שֶׁרוֹעַ עַל רִצְפַּת הַמְּעָרָה, שָׁבוּר וּמְפוֹרָק לְגוֹרְמִים.	וַאֲפִילּוּ בִּזְמַן כְּתִיבָתָן שֶׁל שׁוּרוֹת אֵלֶּה, בְּיוֹשְׁבֵי אֶל שׁוּלְחַן הָעֵץ בְּבֵיתִי, בְּעוֹדִי שׁוֹמַעַת אֶת צְלִיל קוֹלָהּ שֶׁל בַּעֲלֵי הַטּוֹב מְדַבֵּר אֶל יַלְדֵי בַּחֲדָרִים שֶׁבַּקּוֹמָה הָעֶלְיוֹנָה, תּוֹהָה אֲנִי שֶׁמָּא עוֹדֶנִּי בַּגַּן הַהוּא, שֶׁרוֹעֶה עַל רִצְפַּת הַמְּעָרָה, שְׁבוּרָה וּמְפוֹרֶקֶת לְגוֹרְמִים.	1	0	1
36	15	רוצה	אדמונדו פאס סולדן	פוקנר	13	חוֹרְחָה כִּיבָּה אֶת הַמָּנוֹעַ שֶׁל הֶשֶׁבְּרוֹלְט קַבְּלִיר הָאֲדוּמָּה וְשָׁאַל אֶת אָבִיו אִם הוּא רוֹצֶה מַשֶּׁהוּ.	אֱלִיעֶנָה כִּיבָּתָה אֶת הַמָּנוֹעַ שֶׁל הֶשֶׁבְּרוֹלְט קַבְּלִיר הָאֲדוּמָּה וְשָׁאֲלָה אֶת אִמָּהּ אִם הִיא רוֹצָה מַשֶּׁהוּ.	1	1	1
37	15	רוצה	אדמונדו פאס סולדן	פוקנר	16	הוּא נִזְכַּר בָּעֶרֶב שֶׁבּוֹ דָּפַק עַל דֶּלֶת הַמִּשְׂרָד שֶׁל אָבִיו וְקוֹל שָׁבוּר שָׁאַל אוֹתוֹ מָה הוּא רוֹצֶה.	הִיא נִזְכְּרָה בָּעֶרֶב שֶׁבּוֹ דָּפְקָה עַל דֶּלֶת הַמִּשְׂרָד שֶׁל אָבִיהָ וְקוֹל שָׁבוּר שָׁאַל אוֹתָהּ מָה הִיא רוֹצָה.	1	1	1
38	15	דומה	אדמונדו פאס סולדן	פוקנר	2	הַאִם הוּא דּוֹמֶה לוֹ הַרְבֵּה יוֹתֵר מִמָּה שֶׁהוּא מוּכָן לְהוֹדּוּת?	הַאִם הִיא דּוֹמָה לָהּ הַרְבֵּה יוֹתֵר מִמָּה שֶׁהִיא מוּכָנָה לְהוֹדּוּת?	1	1	1
39	16	חולה	או. הנרי	העלה האחרון	2	הוּא מְאוֹד חוֹלֶה וְחַלָּשׁ.	הִיא מְאוֹד חוֹלֶה וְחַלָּשָׁה.	2	1	0
40	16	חולה	או. הנרי	העלה האחרון	10	זֶה לֹא מָקוֹם בִּשְׁבִיל בָּחוּר טוֹב כְּמוֹ מַר אֵלִיּוֹט לִשְׁכַּב חוֹלֶה.	זֶה לֹא מָקוֹם בִּשְׁבִיל בַּחוּרָה טוֹבָה כְּמוֹ מִיס יוֹנְסִי לִשְׁכַּב חוֹלֶה.	2	1	0
41	16	רוצה	או. הנרי	העלה האחרון	1	אֲנִי רוֹצָה לִרְאוֹת פָּקֵד בְּלַחַשׁ.	אֲנִי רוֹצָה לִרְאוֹת פְּקְדָה בְּלַחַשׁ.	2	0	1
42	16	חולה	או. הנרי	העלה האחרון	2	הוּא הָיָה חוֹלֶה רַק יוֹמַיִים.	הִיא הָיְיתָה חוֹלֶה רַק יוֹמַיִים.	1	1	0
43	17	רוצה	או. הנרי	כופר נפשו של הצ'יף האדום	4	אֲנִי אוֹמֵר לְיֶלֶד, "אַתָּה רוֹצֶה לַחֲזוֹר הַבַּיְתָה?"	אֲנִי אוֹמֶרֶת לְיַלְדָּה, "אַתְּ רוֹצָה לַחֲזוֹר הַבַּיְתָה?"	1	1	1
44	17	רוצה	או. הנרי	כופר נפשו של הצ'יף האדום	1	אֲנִי רוֹצֶה לִהְיוֹת הַצּוֹפֶה הַשָּׁחוֹר.	אֲנִי רוֹצֶה לִהְיוֹת הַצּוֹפֶה הַשְּׁחוֹרָה.	1	1	0
45	17	רואה	או. הנרי	כופר נפשו של הצ'יף האדום	3	בִּיל מִסְתּוֹבֵב, וּכְשֶׁהוּא רוֹאֶה אֶת הַיֶּלֶד, הַסּוֹמֵק נֶעֱלַם מִפָּנָיו וְהוּא מִתְיַישֵּׁב בְּרִפְיוֹן עַל הָאָרֶץ וּמַתְחִיל לִתְלוּשׁ עֲשָׂבִים וְנִצְרִים קְטַנִּים מִפֹּה וּמִשָּׁם.	יָעֵל מִסְתּוֹבֶבֶת, וּכְשֶׁהִיא רוֹאָה אֶת הַיַּלְדָּה, הַסּוֹמֵק נֶעֱלַם מִפָּנֶיהָ וְהִיא מִתְיַישֶּׁבֶת בְּרִפְיוֹן עַל הָאָרֶץ וּמַתְחִילָה לִתְלוּשׁ עֲשָׂבִים וְנִצְרִים קְטַנִּים מִפֹּה וּמִשָּׁם.	1	1	1
46	17	חוצה	או. הנרי	כופר נפשו של הצ'יף האדום	7	הֵם יוּכְלוּ לִרְאוֹת אוֹתוֹ מִמֶּרְחָק רַב כְּשֶׁהוּא חוֹצֶה אֶת הַשָּׂדוֹת אוֹ מִתְקַדֵּם בַּדֶּרֶךְ.	הֵם יוּכְלוּ לִרְאוֹת אוֹתָהּ מִמֶּרְחָק רַב כְּשֶׁהִיא חוֹצָה אֶת הַשָּׂדוֹת אוֹ מִתְקַדֶּמֶת בַּדֶּרֶךְ.	1	1	1
47	17	נוטה	או. הנרי	כופר נפשו של הצ'יף האדום	12	לְדַעְתִּי אַתֶּם מַגְזִימִים קְצָת בִּדְרִישׁוּתֵיכֶם, וּבָזֶה אֲנִי מַגִישׁ לָכֶם הַצָּעָה נֶגְדִּית, שֶׁאֲנִי נוֹטֶה לְהַאֲמִין שֶׁתְּקַבְּלוּ אוֹתָהּ.	לְדַעְתִּי אַתֶּם מַגְזִימִים קְצָת בִּדְרִישׁוּתֵיכֶם, וּבָזֶה אֲנִי מַגִישָׁה לָכֶם הַצָּעָה נֶגְדִּית, שֶׁאֲנִי נוֹטֶה לְהַאֲמִין שֶׁתְּקַבְּלוּ אוֹתָהּ.	1	1	1
48	18	קונה	או. הנרי	מתנת חכמי-הקדם	1	אֲנִי קוֹנָה שְׂעָרוֹת, אָמַר הָאָדוֹן.	אֲנִי קוֹנָה שְׂעָרוֹת, אָמְרָה הַגְּבֶרֶת.	2	0	1
49	19	רוצה	אוגוסטין קופסה	התקררות	5	הוּא שָׁאַל אוֹתוֹ אִם הוּא רוֹצֶה שֶׁיַּגִּיד לוֹ מָה קָרָא שֶׁכָּתוּב בַּתִּיק וְאָבִיו הֵשִׁיב שׁוּב – "לֹא".	הִיא שָׁאֲלָה אוֹתָהּ אִם הִיא רוֹצָה שֶׁתַּגִּיד לוֹ מָה קָרְאָה שֶׁכָּתוּב בַּתִּיק וְאִמָּהּ הֵשִׁיבָה שׁוּב – "לֹא".	1	1	1
50	19	רוצה	אוגוסטין קופסה	התקררות	8	אָז אָזַר אוֹמֶץ וְשָׁאַל אוֹתוֹ לָמָּה הוּא לֹא רוֹצֶה לְסַפֵּר לוֹ כְּלוּם.	אָז אָזְרָה אוֹמֶץ וְשָׁאֲלָה אוֹתָהּ לָמָּה הִיא לֹא רוֹצָה לְסַפֵּר לָהּ כְּלוּם.	1	1	1
51	19	רוצה	אוגוסטין קופסה	התקררות	5	יוֹם אֶחָד אָמַר לְאִשְׁתּוֹ שֶׁהָיָה רוֹצֶה לִנְסוֹעַ לְבּוֹקָרֵשְׂט.	יוֹם אֶחָד אָמְרָה לְבַעֲלָהּ שֶׁהָיְיתָה רוֹצָה לִנְסוֹעַ לְבּוֹקָרֵשְׂט.	1	1	1
52	19	רוצה	אוגוסטין קופסה	התקררות	8	וְאָז פִּתְאוֹם שָׁאֲלָה אֶת אָבִיו אִם הוּא הָיָה רוֹצֶה לָדַעַת מִי הַלָּשִׁין עָלָיו.	וְאָז פִּתְאוֹם שָׁאֲלָה אֶת אִמָּהּ אִם הִיא הָיְיתָה רוֹצָה לָדַעַת מִי הַלָּשִׁין עָלֶיהָ.	1	1	1
53	19	רוצה	אוגוסטין קופסה	התקררות	7	לְעוּמַּת זֹאת שָׁאַל אֶת אָבִיו אִם הוּא רוֹצֶה קִינּוּחַ, אֲבָל הָאָב הֶעֱדִיף כּוֹס מַיִם.	לְעוּמַּת זֹאת שָׁאֲלָה אֶת אִמָּהּ אִם הִיא רוֹצָה קִינּוּחַ, אֲבָל הַאִם הֶעֲדִיפָה כּוֹס מַיִם.	1	1	1
54	19	רוצה	אוגוסטין קופסה	התקררות	3	בָּטוּחַ שֶׁאַתָּה לֹא רוֹצֶה מַרְק?	בְּטוּחָה שֶׁאַתְּ לֹא רוֹצֶה מַרְק?	1	1	0
55	20	רוצה	אווה מֶנָסֶה	עצלות	8	אַחֲרֵי הַכּוֹל זֶה הָיָה אִישׁ שֶׁיָּדַע מָה הוּא רוֹצֶה.	אַחֲרֵי הַכּוֹל זוֹ הָיְיתָה אִישָּׁה שֶׁיָּדְעָה מָה הִיא רוֹצָה.	2	1	1
56	20	גאה	אווה מֶנָסֶה	עצלות	4	הוּא אֲפִילּוּ הָיָה כִּמְעַט גֵּאָה בְּעַצְמוֹ.	הִיא אֲפִילּוּ הָיְיתָה כִּמְעַט גֵּאָה בְּעַצְמָהּ.	1	0	1
57	20	רוצה	אווה מֶנָסֶה	עצלות	16	הִיא תָּמִיד חָשְׁבָה מֵרֹאשׁ עַל פִּתְרוֹן, בְּדֶרֶךְ כְּלָל עַל יְדֵי כָּךְ שֶׁנִּיסְּתָה לַחֲשׁוֹב מָה יוֹסִי הָיָה רוֹצֶה בְּאוֹתוֹ רֶגַע.	הוּא תָּמִיד חָשַׁב מֵרֹאשׁ עַל פִּתְרוֹן, בְּדֶרֶךְ כְּלָל עַל יְדֵי כָּךְ שֶׁנִּיסָּה לַחֲשׁוֹב מָה יְהוּדִית הָיְיתָה רוֹצָה בְּאוֹתוֹ רֶגַע.	2	1	1
58	20	עולה	אווה מֶנָסֶה	עצלות	2	הוּא כְּבָר עוֹלֶה לָבָן שֶׁלָּהּ עִם זֶה עַל הָעֲצַבִּים.	הִיא כְּבָר עוֹלֶה לָבָן שֶׁלָּהּ עִם זֶה עַל הָעֲצַבִּים.	2	1	0
59	20	רוצה	אווה מֶנָסֶה	עצלות	1	הוּא רוֹצֶה לִלְחוֹץ עָלֶיהָ?	הִיא רוֹצָה לִלְחוֹץ עָלָיו?	2	1	1
60	21	בוכה	אונורה דה בלזק	אל וֶרדוּגוֹ	2	מֵרִיקִיטָה, אַתָּה בּוֹכָה?	מֵרִיקִיטָה, אַתּ בּוֹכָה?	2	0	1
61	22	שווה	אוסקר וויילד	הדייג ונשמתו	0	שָׁוֶוה הוּא אֶת כָּל הַזָּהָב בְּתֵבֵל, וְיָקָר מִכָּל אַבְנֵי הָאוֹדֶם שֶׁבִּידֵי מְלָכִים.	שָׁוֶוה הִיא אֶת כָּל הַזָּהָב בְּתֵבֵל, וִיקְרֶה מִכָּל אַבְנֵי הָאוֹדֶם שֶׁבִּידֵי מְלָכִים.	2	1	0
62	22	שווה	אוסקר וויילד	הדייג ונשמתו	2	אֵין הוּא שָׁוֶוה מֵאָה שְׁחוּקָה שֶׁל כֶּסֶף.	אֵין הִיא שָׁוֶוה מֵאָה שְׁחוּקָה שֶׁל כֶּסֶף.	2	1	0
63	22	רואה	אוסקר וויילד	הדייג ונשמתו	7	אֵין אֶל אַחֵר, אֶלָּא רַק הֶרְאִי שֶׁאַתָּה רוֹאֶה, כִּי זֶהוּ רְאִי הַחָכְמָה.	אֵין אֶל אַחֵר, אֶלָּא רַק הֶרְאִי שֶׁאַתְּ רוֹאֶה, כִּי זֶהוּ רְאִי הַחָכְמָה.	1	1	0
64	22	עוטה	אוסקר וויילד	הדייג ונשמתו	12	הוּא הִתְיַישֵּׁב אָז בְּכִיכַּר הַשּׁוּק וְנָח, וּלְאַחַר זְמַן מָה, עָבַר שָׁם סוֹחֵר, עוֹטֶה בְּרְדֶס וּגְלִימָה מִבַּד שֶׁל אֶרֶץ הַטְּטָארִים, וְנוֹשֵׂא בְּיָדוֹ מְנוֹרָה מִקֶּרֶן חֲרוּרָה, תְּלוּיָה בַּקָּצֶה שֶׁל קָנָה מְפוֹרָק.	הִיא הִתְיַישְּׁבָה אָז בְּכִיכַּר הַשּׁוּק וְנָחָה, וּלְאַחַר זְמַן מָה, עָבְרָה שָׁם סוֹחֶרֶת, עוֹטָה בְּרְדֶס וּגְלִימָה מִבַּד שֶׁל אֶרֶץ הַטְּטָארִים, וְנוֹשֵׂאת בְּיָדָהּ מְנוֹרָה מִקֶּרֶן חֲרוּרָה, תְּלוּיָה בַּקָּצֶה שֶׁל קָנָה מְפוֹרָק.	1	1	1
65	22	בוכה	אוסקר וויילד	הדייג ונשמתו	3	הִשְׁלִיךְ אֶת עַצְמוֹ בּוֹכָה עַל הָאָרֶץ לְצִדּוֹ.	הִשְׁלִיכָה אֶת עַצְמָהּ בּוֹכָה עַל הָאָרֶץ לְצִדָּהּ.	1	0	1
66	22	בוכה	אוסקר וויילד	הדייג ונשמתו	6	עַל הַחוֹל לְצִדּוֹ הִשְׁלִיךְ אֶת עַצְמוֹ, בּוֹכָה כְּאָדָם הָרוֹעֵד מִגִּיל, וּבִזְרוֹעוֹתָיו הַשְּׁחוּמוֹת אִימֵּץ אוֹתוֹ אֶל חָזֵהוּ.	עַל הַחוֹל לְצִדָּהּ הִשְׁלִיכָה אֶת עַצְמָהּ, בּוֹכָה כְּאָדָם הָרוֹעֵד מִגִּיל, וּבִזְרוֹעוֹתֶיהָ הַשְּׁחוּמוֹת אִימְּצָה אוֹתָהּ אֶל חָזָהּ.	1	0	1
67	23	רוצה	אוסקר וויילד	מודל למיליונר	12	יֵשׁ לוֹ בַּיִת בְּכָל עִיר בִּירָה, הוּא אוֹכֵל מִצְלָחוֹת זָהָב, וְאִם הוּא רוֹצֶה, הוּא יָכוֹל לִמְנוֹעַ אֶת רוּסְיָה מִלָצֵאת לַמִלְחָמָה.	יֵשׁ לָהּ בַּיִת בְּכָל עִיר בִּירָה, הִיא אוֹכֶלֶת מִצְלָחוֹת זָהָב, וְאִם הִיא רוֹצָה, הִיא יְכוֹלָה לִמְנוֹעַ אֶת רוּסְיָה מִלָצֵאת לַמִלְחָמָה.	1	1	1
68	23	רוצה	אוסקר וויילד	מודל למיליונר	5	לֹא יָדַעְתִּי אִם הָאוֹסְבֵּרְג הָיָה רוֹצֶה שֶׁשְּׁמוֹ יוּזְכַּר.	לֹא יָדַעְתִּי אִם הָאוֹסְבֵּרְג הָיְיתָה רוֹצָה שֶׁשְּׁמָה יוּזְכָּר.	1	1	1
69	24	פונה	אופיר עוז	למה אנחנו לא עושים את זה	1	הוּא פּוֹנֶה אֵלַיי פִּתְאוֹם.	הִיא פּוֹנָה אֵלַיי פִּתְאוֹם.	2	1	1
70	24	רוצה	אופיר עוז	למה אנחנו לא עושים את זה	10	שִׂיחַקְתִּי אֶת הַתּוֹמֵךְ, הַמֵּבִין, הַמֵּכִיל, עַד שֶׁעָרֶב אֶחָד שָׁאֵלָה: "אַתָּה רוֹצֶה לְנַסּוֹת?"	שִׂיחַקְתִּי אֶת הַתּוֹמֶכֶת, הַמְּבִינָה, הַמְּכִילָה, עַד שֶׁעָרֶב אֶחָד שָׁאַל: "אַתְּ רוֹצָה לְנַסּוֹת?"	1	1	1
71	24	עונה	אופיר עוז	למה אנחנו לא עושים את זה	3	לְהַסְתִּיר אוֹתָהּ, הוּא עוֹנֶה לְעַצְמוֹ, "זֹאת הַדֶּרֶךְ הַיְּחִידָה, לְהַסְתִּיר אוֹתָהּ כָּאן בַּבַּיִת שֶׁלָּנוּ."	לְהַסְתִּיר אוֹתוֹ, הִיא עוֹנָה לְעַצְמָהּ, "זֹאת הַדֶּרֶךְ הַיְּחִידָה, לְהַסְתִּיר אוֹתוֹ כָּאן בַּבַּיִת שֶׁלָּנוּ."	1	1	1
72	24	פונה	אופיר עוז	למה אנחנו לא עושים את זה	8	אָז בּוֹאִי נִבְדּוֹק רֶגַע מָה זֶה אוֹמֵר: אַתָּה פּוֹנֶה אֶל הַיַּלְדָּה, אוֹ אֶל הָאִמָּא וְאֶל הָאַבָּא, אִם יֵשׁ אַבָּא בַּתְּמוּנָה, וּמַזְמִין אוֹתָם אֵלֵינוּ.	אָז בּוֹאִי נִבְדּוֹק רֶגַע מָה זֶה אוֹמֵר: אֶת פּוֹנֶה אֶל הַיַּלְדָּה, אוֹ אֶל הָאִמָּא וְאֶל הָאַבָּא, אִם יֵשׁ אַבָּא בַּתְּמוּנָה, וּמַזְמִינָה אוֹתָם אֵלֵינוּ.	2	1	0
73	24	רוצה	אופיר עוז	למה אנחנו לא עושים את זה	1	מִישֶׁהוּ רוֹצֶה לִשְׁתּוֹת עוֹד מַשֶּׁהוּ, תֶּה?	מִישֶׁהִי רוֹצֶה לִשְׁתּוֹת עוֹד מַשֶּׁהוּ, תֶּה?	1	1	0
74	25	רוצה	אופיר עוז	שמחתי לא להכיר אותך	4	לְךָ אֲלֵיהֶם, מָה אַתָּה רוֹצֶה מִמֶּנִּי?	לְכִי אֲלֵיהֶם, מָה אַתְּ רוֹצָה מִמֶּנִּי?	2	1	1
75	25	בוהה	אופיר עוז	שמחתי לא להכיר אותך	14	הוּא לֹא מְעַנְיֵין אוֹתִי – הַיֶּלֶד שֶׁלָּהֶם – בְּדֶרֶךְ כְּלָל הוּא יוֹתֵר קָטָן מִמֶּנִּי, בּוֹהָה בִּי עִם פַּרְצוּף הַנְּזָלַת שֶׁלּוֹ.	הִיא לֹא מְעַנְיֶינֶת אוֹתִי – הַיַּלְדָּה שֶׁלָּהֶם – בְּדֶרֶךְ כְּלָל הִיא יוֹתֵר קְטַנָּה מִמֶּנִּי, בּוֹהָה בִּי עִם פַּרְצוּף הַנְּזָלַת שֶׁלָּהּ.	1	0	1
76	25	בוכה	אופיר עוז	שמחתי לא להכיר אותך	3	כִּי הַיֶּלֶד שֶׁלָּהֶם בּוֹכָה?	כִּי הַיַּלְדָּה שֶׁלָּהֶם בּוֹכָה?	1	0	1
77	26	רואה	אופק קהילה	המסתורי שיש ביניהם	3	הָאֶצְבָּעוֹת עַכְשָׁיו שֶׁאֲנִי רוֹאֶה אֶת זֶה פִּתְאוֹם אֲנִי מֵבִין שֶׁאֵין לָהֶן מְפָרְקִים.	הָאֶצְבָּעוֹת עַכְשָׁיו שֶׁאֲנִי רוֹאֶה אֶת זֶה פִּתְאוֹם אֲנִי מְבִינָה שֶׁאֵין לָהֶן מְפָרְקִים.	2	1	0
78	26	רוצה	אופק קהילה	המסתורי שיש ביניהם	1	הוּא רוֹצֶה לָצֵאת מֵהַתִּיק וּלְהִסְתַּכֵּל מֵהַחַלּוֹן אָז הַפַּעַם אֲנִי פָּשׁוּט נוֹתֵן לוֹ וְזֶהוּ.	הִיא רוֹצָה לָצֵאת מֵהַתִּיק וּלְהִסְתַּכֵּל מֵהַחַלּוֹן אָז הַפַּעַם אֲנִי פָּשׁוּט נוֹתֶנֶת לָהּ וְזֶהוּ.	2	1	1
79	26	רוצה	אופק קהילה	המסתורי שיש ביניהם	12	כָּל מִינֵי שְׁטוּיוֹת שֶׁבֶּטַח יֵשׁ לוֹ בָּרֹאשׁ וּבַבּוֹקֶר הוּא עָיֵיף מִדַּי וְלֹא רוֹצֶה לָלֶכֶת אִיתִּי לָאוּנִיבֶרְסִיטָה.	כָּל מִינֵי שְׁטוּיוֹת שֶׁבֶּטַח יֵשׁ לָהּ בָּרֹאשׁ וּבַבּוֹקֶר הִיא עֲיֵיפָה מִדַּי וְלֹא רוֹצֶה לָלֶכֶת אִיתִּי לָאוּנִיבֶרְסִיטָה.	2	1	0
80	26	תולה	אופק קהילה	המסתורי שיש ביניהם	1	אֲנִי תּוֹלֶה אֶת הַמְּעִיל וְאוֹמֵר שָׁלוֹם.	אֲנִי תּוֹלֶה אֶת הַמְּעִיל וְאוֹמֶרֶת שָׁלוֹם.	2	1	0
81	26	רוצה	אופק קהילה	המסתורי שיש ביניהם	3	כָּל מָה שֶׁאַתָּה רוֹצֶה לַעֲשׂוֹת זֶה לְחַפֵּשׂ פֹּה עוֹד סְפָרִים.	כָּל מָה שֶׁאַתְּ רוֹצָה לַעֲשׂוֹת זֶה לְחַפֵּשׂ פֹּה עוֹד סְפָרִים.	2	1	1
82	26	רוצה	אופק קהילה	המסתורי שיש ביניהם	10	אֲנִי הִלַכְתִּי וְהִרְגַּשְׁתִּי אוֹתוֹ מִסְתַּכֵּל לִי עַל הָעוֹרֶף וְחָשַׁבְתִּי שֶׁהוּא רוֹצֶה לַהֲרוֹג אוֹתִי.	אֲנִי הִלַכְתִּי וְהִרְגַּשְׁתִּי אוֹתָהּ מִסְתַּכֶּלֶת לִי עַל הָעוֹרֶף וְחָשַׁבְתִּי שֶׁהִיא רוֹצָה לַהֲרוֹג אוֹתִי.	1	1	1
83	26	עונה	אופק קהילה	המסתורי שיש ביניהם	2	אַבְרָהָם לֹא עוֹנָה כְּשֶׁאֲנִי מְנַסֶּה לְהַשִּׂיג אוֹתוֹ בַּטֵּלֵפוֹן.	קְלָאוּדְיָה לֹא עוֹנָה כְּשֶׁאֲנִי מְנַסֶּה לְהַשִּׂיג אוֹתָהּ בַּטֵּלֵפוֹן.	2	1	1
84	26	רואה	אופק קהילה	המסתורי שיש ביניהם	1	מִישֶׁהוּ רוֹאֶה אוֹתוֹ.	מִישֶׁהִי רוֹאָה אוֹתָהּ.	1	1	1
85	26	טועה	אופק קהילה	המסתורי שיש ביניהם	11	אֲבָל מִי שֶׁחוֹשֵׁב שֶׁהַמָּקוֹם הַזֶּה הוּא כְּמוֹ הַפִיַאסְטָה אוֹ הַחַוָּוה הוּא טוֹעֶה וּבְגָדוֹל.	אֲבָל מִי שֶׁחוֹשֶׁבֶת שֶׁהַמָּקוֹם הַזֶּה הוּא כְּמוֹ הַפִיַאסְטָה אוֹ הַחַוָּוה הִיא טוֹעָה וּבְגָדוֹל.	1	1	1
86	26	רואה	אופק קהילה	המסתורי שיש ביניהם	5	אֲנִי לֹא מַאֲמִין לָמָּה שֶׁאֲנִי רוֹאֶה.	אֲנִי לֹא מַאֲמִינָה לָמָּה שֶׁאֲנִי רוֹאֶה.	2	1	0
87	27	רוצה	אורי אורלב	הסינים	2	מָה אַתָּה רוֹצֶה שֶׁאֶעֱשֶׂה, מוֹתָק?	מָה אַתְּ רוֹצָה שֶׁאֶעֱשֶׂה, מוֹתָק?	2	1	1
88	27	רוצה	אורי אורלב	הסינים	1	אַתָּה רוֹצֶה בֶּטַח שֶׁאַבְרִיחַ לְךָ אֶחָד כָּזֶה בַּמְכוֹנִית שֶׁל הַקְּצִינָה שֶׁלִּי, מָה?	אַתְּ רוֹצָה בֶּטַח שֶׁאַבְרִיחַ לְךָ אֶחָד כָּזֶה בַּמְכוֹנִית שֶׁל הַקָּצִין שֶׁלִּי, מָה?	2	1	1
89	27	רוצה	אורי אורלב	הסינים	8	אֲנִי לֹא צְרִיכָה לְהִישָּׁאֵר כָּאן אִם אַתָּה לֹא רוֹצֶה.	אֲנִי לֹא צָרִיךְ לְהִישָּׁאֵר כָּאן אִם אֶת לֹא רוֹצֶה.	2	1	0
90	27	בוכה	אורי אורלב	הסינים	7	כְּשֶׁהֶחְזַרְתִּי אֵלָיו שׁוּב אֶת מַבְּטִי רָאִיתִי שֶׁהוּא בּוֹכֶה.	כְּשֶׁהֶחְזַרְתִּי אֵלֶיהָ שׁוּב אֶת מַבְּטִי רָאִיתִי שֶׁהִיא בּוֹכָה.	2	1	1
91	28	רוצה	אורי ניסן גנסין	קטטה	2	מָה אַתָּה רוֹצֶה מִמֶּנִּי, מָה?	מָה אַתְּ רוֹצָה מִמֶּנִּי, מָה?	1	1	1
92	28	רוצה	אורי ניסן גנסין	קטטה	0	רוֹצֶה אֲנִי – וַאֲנִי בּוֹרֵחַ לַסְטַארוֹדוֹב!	רוֹצֶה אֲנִי – וַאֲנִי בּוֹרַחַת לַסְטַארוֹדוֹב!	1	1	0
93	29	רוצה	אורית וולפיילר	שווייצריה זה כאן	3	כָּל כָּךְ אֲנִי רוֹצֶה לְהַגִּיד לוֹ אֶת זֶה אֲבָל בַּסוֹף רַק מְהַנְהֵן, כְּדֵי לְצַמְצֵם כַּמָּה שֶׁיּוֹתֵר אֶת הַזְּמַן שֶׁל הַדִּיבּוּרִים וּלְהַרְוִויחַ עוֹד כַּמָּה דַּקּוֹת שֶׁל שֶׁקֶט.	כָּל כָּךְ אֲנִי רוֹצֶה לְהַגִּיד לָהּ אֶת זֶה אֲבָל בַּסוֹף רַק מְהַנְהֶנֶת, כְּדֵי לְצַמְצֵם כַּמָּה שֶׁיּוֹתֵר אֶת הַזְּמַן שֶׁל הַדִּיבּוּרִים וּלְהַרְוִויחַ עוֹד כַּמָּה דַּקּוֹת שֶׁל שֶׁקֶט.	2	1	0
94	29	רוצה	אורית וולפיילר	שווייצריה זה כאן	3	עַכְשָׁיו בְּיַחַד הוּא רוֹצֶה שֶׁנִּבְדּוֹק שֶׁהַדֶּלֶת נְעוּלָה, כְּמוֹ שֶׁלְּימַּדְתִּי אֶת עַצְמִי וְאוֹתוֹ.	עַכְשָׁיו בְּיַחַד הִיא רוֹצָה שֶׁנִּבְדּוֹק שֶׁהַדֶּלֶת נְעוּלָה, כְּמוֹ שֶׁלְּימַּדְתִּי אֶת עַצְמִי וְאוֹתָהּ.	1	1	1
95	29	עונה	אורית וולפיילר	שווייצריה זה כאן	6	הָאִישָּׁה שֶׁלּוֹ אוֹמֶרֶת שֶׁצְּפַרְדֵעַ, וְהַבַּעַל שֶׁלָּהּ עוֹנָה שֶׁלֹּא יָכוֹל לִהְיוֹת וּשְׁמָהּ הִיא מְבִינָה מֵהַחַיִּים שֶׁלָּהּ.	הָאִישׁ שֶׁלּוֹ אוֹמֵר שֶׁצְּפַרְדֵעַ, וְהָאִישָּׁה שֶׁלָּהּ עוֹנָה שֶׁלֹּא יָכוֹל לִהְיוֹת וּשְׁמָהּ הוּא מֵבִין מֵהַחַיִּים שֶׁלּוֹ.	1	0	1
96	29	רוצה	אורית וולפיילר	שווייצריה זה כאן	18	כְּמוֹ שֶׁעָרַב קַיִץ אֶחָד, אַחֲרֵי שֶׁבְּאַמְבַּטְיָה, לֹא שָׁטַפְתִּי לוֹ טוֹב-טוֹב אֶת כַּפּוֹת הָרַגְלַיִים, הַיֶּלֶד שֶׁלִּי אָמַר לִי שֶׁהוּא רוֹצֶה הַבַּיְתָה.	כְּמוֹ שֶׁעָרַב קַיִץ אֶחָד, אַחֲרֵי שֶׁבְּאַמְבַּטְיָה, לֹא שָׁטַפְתִי לָהּ טוֹב-טוֹב אֶת כַּפּוֹת הָרַגְלַיִים, הַיַּלְדָּה שֶׁלִּי אָמְרָה לִי שֶׁהִיא רוֹצָה הַבַּיְתָה.	1	1	1
97	29	רוצה	אורית וולפיילר	שווייצריה זה כאן	2	אִם אֲנִי רוֹצֶה לְיַישֵּׁר אֶת הָרַגְלַיִים, אֲנִי לֹא יָכוֹל כִּי אֲנִי יוֹתֵר אָרוֹךְ מֵהַמִּזְרָן.	אִם אֲנִי רוֹצֶה לְיַישֵּׁר אֶת הָרַגְלַיִים, אֲנִי לֹא יְכוֹלָה כִּי אֲנִי יוֹתֵר אֲרוּכָּה מֵהַמִּזְרָן.	2	1	0
98	29	רואה	אורית וולפיילר	שווייצריה זה כאן	13	הַבַּעַל שֶׁלָּהּ אוֹמֵר שֶׁבְּלִי קָפֶה הוּא לֹא יָכוֹל לְהִתְעוֹרֵר, שֶׁהִנֵּה הוּא כְּבָר קְצָת רוֹאָה לְמַּטָּה הַרְבֵּה יָרוֹק עִם גַּגּוֹת אֲדוּמִּים, וְשֶׁאוּלַי מִישֶׁהוּ מֵאִיתָּנוּ יוֹדֵעַ אֵיפֹה אֲנַחְנוּ בִּכְלָל.	הָאִישָּׁה שֶׁלּוֹ אוֹמֶרֶת שֶׁבְּלִי קָפֶה הִיא לֹא יְכוֹלָה לְהִתְעוֹרֵר, שֶׁהִנֵּה הִיא כְּבָר קְצָת רוֹאָה לְמַּטָּה הַרְבֵּה יָרוֹק עִם גַּגּוֹת אֲדוּמִּים, וְשֶׁאוּלַי מִישֶׁהוּ מֵאִיתָּנוּ יוֹדֵעַ אֵיפֹה אֲנַחְנוּ בִּכְלָל.	2	0	1
99	29	עונה	אורית וולפיילר	שווייצריה זה כאן	2	הַבַּעַל שֶׁלָּהּ עוֹנָה לָהּ שֶׁבְּוַודָּאוּת הוּא לֹא יוֹדֵעַ, אֲבָל מָה שֶׁבָּטוּחַ זֶה שֶׁאֲנַחְנוּ כְּבָר כָּאן וַאֲנִי אוֹמֶרֶת לָהֶם שֶׁכָּאן, כָּאן זֶה שֶׁוְויְיצֶרְיָּה.	הָאִישָּׁה שֶׁלּוֹ עוֹנָה לוֹ שֶׁבְּוַודָּאוּת הִיא לֹא יוֹדַעַת, אֲבָל מָה שֶׁבָּטוּחַ זֶה שֶׁאֲנַחְנוּ כְּבָר כָּאן וַאֲנִי אוֹמֶרֶת לָהֶם שֶׁכָּאן, כָּאן זֶה שֶׁוְויְיצֶרְיָּה.	1	0	1
100	30	רוצה	אורלי קסטל-בלום	אלף שקל לסיפור	10	הַסִּיפּוּר הַזֶּה הוּא בִּשְׁבִילְךָ – פּוֹרְקָן, תְּרַפִּיָה, אוֹטוֹתֵרַפְּיָה, מָה אַתָּה רוֹצֶה מִמֶּנִּי?	הַסִּיפּוּר הַזֶּה הוּא בִּשְׁבִילְךָ – פּוֹרְקָן, תְּרַפִּיָה, אוֹטוֹתֵרַפְּיָה, מָה אַתְּ רוֹצָה מִמֶּנִּי?	2	1	1
