1	2	מזהה	אָישָה דה לה קרוס	Famous Blue Raincoat	10	בְּפִיגּוּר מְסוּיָּם הוּא נוֹתֵן לַצְּווֹחָה לְהִימָּלֵט מִפִּיו, צְווֹחָה שֶׁהוּא אֵינוֹ מְזַהֶה כָּשְׁלוּ.	בְּפִיגּוּר מְסוּיָּם הִיא נוֹתֶנֶת לַצְּווֹחָה לְהִימָּלֵט מִפִּיהָ, צְווֹחָה שֶׁהִיא אֵינָהּ מְזַהָה כָּשְׁלָה.	1	1	1
2	2	מנסה	אָישָה דה לה קרוס	Famous Blue Raincoat	2	הוּא לֹא מְנַסֶּה לַעֲצוֹר בַּעֲדָהּ, כִּי הוּא יוֹדֵעַ שֶׁזֶּה יִהְיֶה לַשָּׁוְוא.	הִיא לֹא מְנַסָּה לַעֲצוֹר בַּעֲדָהּ, כִּי הִיא יוֹדַעַת שֶׁזֶּה יִהְיֶה לַשָּׁוְוא.	1	1	1
3	2	מונה	אָישָה דה לה קרוס	Famous Blue Raincoat	1	הוּא מוֹנֶה שְׁלוֹשׁ מֵאוֹת אַרְבָּעִים וְתֵשַׁע נְקִישׁוֹת מָחוֹג וְנִשְׁמַעַת יְרִיָּיה.	הִיא מוּנָּה שְׁלוֹשׁ מֵאוֹת אַרְבָּעִים וְתֵשַׁע נְקִישׁוֹת מָחוֹג וְנִשְׁמַעַת יְרִיָּיה.	1	1	0
4	3	מנסה	אדגר אלן פו	הבור והמטוטלת	12	לוֹ יָכוֹלְתִּי לִקְרוֹעַ אֶת הַמּוֹסְרוֹת מֵעַל מַרְפְּקִי כִּי אָז הָיִיתִי תּוֹפֵס בִּמְטוּטֶּלֶת וּמְנַסֶּה לַעֲצוֹר אוֹתָהּ.	לוֹ יָכוֹלְתִּי לִקְרוֹעַ אֶת הַמּוֹסְרוֹת מֵעַל מַרְפְּקִי כִּי אָז הָיִיתִי תּוֹפֶסֶת בִּמְטוּטֶּלֶת וּמְנַסָּה לַעֲצוֹר אוֹתָהּ.	1	1	1
5	4	מדמה	אדגר אלן פו	הלב המדובב	1	אַתָּה מְדַמֶּה שֶׁאֲנִי מְשׁוּגָּע.	אַתְּ מְדַמֶּה שֶׁאֲנִי מְשׁוּגָּע.	1	1	0
6	6	מזהה	אדגר אלן פו	נפילת בית אשר	6	כְּלוּם אֵינִי שׁוֹמֵעַ פְּעִימָה כְּבֵדָה וַאֲיוּמָּה, וּמְזַהָה בָּהּ אֶת הַלְמוּת לִבָּהּ?	כְּלוּם אֵינִי שׁוֹמַעַת פְּעִימָה כְּבֵדָה וַאֲיוּמָּה, וּמְזַהָה בָּהּ אֶת הַלְמוּת לִבָּהּ?	1	0	1
7	8	מנסה	אדוארדו ברטי	יומנה של קוראת עיתונים	5	פַּעַם אַחַת כְּבָר תָּפַסְתִּי אוֹתוֹ מְנַסָּה לִפְתּוֹחַ אֶת הָאָרוֹן שֶׁלְּךָ, אָז צָרַחְתִּי עָלָיו וְהוּא בָּרַח.	פַּעַם אַחַת כְּבָר תָּפַסְתִּי אוֹתָהּ מְנַסָּה לִפְתּוֹחַ אֶת הָאָרוֹן שֶׁלָּךְ, אָז צָרַחְתִּי עָלֶיהָ וְהִיא בָּרְחָה.	2	0	1
8	12	מודה	אדית נסביט	רקס פורטונטוס ושות'	4	אֲנִי אוֹמֵר לְךָ לֹא וּמוֹדֶה לְךָ, אָמַר.	אֲנִי אוֹמֶרֶת לְךָ לֹא וּמוֹדֶה לָךְ, אָמְרָה.	2	1	0
9	12	מקוה	אדית נסביט	רקס פורטונטוס ושות'	1	אֲנִי מְקַוֶּה שֶׁלֹּא הִקְדַּמְתִּי, אָמַר.	אֲנִי מְקַוֶּה שֶׁלֹּא הִקְדַּמְתִּי, אָמְרָה.	1	1	0
10	12	מרוצה	אדית נסביט	רקס פורטונטוס ושות'	6	טוֹב, הָעַלְמָה פִיצְרוֹי רוֹבִּינְסוֹן, אָמַר, "אֲנִי מְרוּצֶּה לַחֲלוּטִין מֵהִתְקַדְּמוּתָהּ שֶׁל דֶּיְיזִי מִיּוֹם שֶׁהִיא נְתוּנָה לְהַשְׁגָּחָתְךָ."	טוֹב, הָעַלְמָה פִיצְרוֹי רוֹבִּינְסוֹן, אָמְרָה, "אֲנִי מְרוּצֶּה לַחֲלוּטִין מֵהִתְקַדְּמוּתָהּ שֶׁל דֶּיְיזִי מִיּוֹם שֶׁהִיא נְתוּנָה לְהַשְׁגָּחָתְךָ."	1	1	0
11	12	מקוה	אדית נסביט	רקס פורטונטוס ושות'	9	אַחֲרֵי שֶׁסִּיפְּרוּ אֶת שֶׁהִתְרַחֵשׁ, אָמַר – "חֲבֵרִים יְקָרִים, אֲנִי מְקַוֶּה שֶׁתִּסְלְחוּ לִי – חוּקֵּי הַכְנָסַת הָאוֹרְחִים אָמְנָם נוּקְשִׁים – אֲבָל בַּעֲסָקִים כְּמוֹ בַּעֲסָקִים, אַחֲרֵי הַכֹּל."	אַחֲרֵי שֶׁסִּיפְּרוּ אֶת שֶׁהִתְרַחֵשׁ, אָמְרָה – "חֲבֵרִים יְקָרִים, אֲנִי מְקַוֶּה שֶׁתִּסְלְחוּ לִי – חֻקֵּי הַכְנָסַת הָאוֹרְחִים אָמְנָם נִקְשִׁים – אֲבָל בַּעֲסָקִים כְּמוֹ בַּעֲסָקִים, אַחֲרֵי הַכֹּל."	1	1	0
12	16	מרשה	או. הנרי	העלה האחרון	2	מַדּוּעַ אַתָּה מַרְשֶׁה לַטִּיפְּשׁוּת הַזֹּאת לְהִיכָּנֵס לְרֹאשׁ?	מַדּוּעַ אַתְּ מַרְשֶׁה לַטִּיפְּשׁוּת הַזֹּאת לְהִיכָּנֵס לְרֹאשׁ?	2	1	0
13	17	מבלה	או. הנרי	כופר נפשו של הצ'יף האדום	5	בַּמִּשְׁפָּחָה שֶׁלּוֹ אוּלַי חוֹשְׁבִים שֶׁהוּא מְבַלֶּה אֶת הַלַּיְלָה אֵצֶל הַדּוֹדָה גֵ'יְין אוֹ אֵצֶל אֶחָד הַשְּׁכֵנִים.	בַּמִּשְׁפָּחָה שֶׁלָּהּ אוּלַי חוֹשְׁבִים שֶׁהִיא מְבַלָּה אֶת הַלַּיְלָה אֵצֶל הַדּוֹדָה גֵ'יְין אוֹ אֵצֶל אֶחָד הַשְּׁכֵנִים.	1	1	1
14	17	מנסה	או. הנרי	כופר נפשו של הצ'יף האדום	2	אֲנִי לֹא מְנַסֶּה, אוֹמֵר הוּא, "לְזַלְזֵל בַּצַּד הַמּוּסָרִי הַמְּהוּלָּל שֶׁל אַהֲבַת הוֹרִים לִילָדִים."	אֲנִי לֹא מְנַסֶּה, אָמְרָה הִיא, "לְזַלְזֵל בַּצַּד הַמּוּסָרִי הַמְּהוּלָּל שֶׁל אַהֲבַת הוֹרִים לִילָדִים."	1	1	0
15	19	מגלה	אוגוסטין קופסה	התקררות	8	כָּל אֵימַת שֶׁהָיָה מַגִּיעַ לְסוֹפוֹ שֶׁל דַּף, הָיָה מְגַלֶּה דַּף נוֹסָף בַּתִּיק.	כָּל אֵימַת שֶׁהָיְתָה מַגִּיעָה לְסוֹפוֹ שֶׁל דַּף, הָיְתָה מְגַלָּה דַּף נוֹסָף בַּתִּיק.	1	1	1
16	20	מודה	אווה מֶנָסֶה	עצלות	4	הוּא לְעוֹלָם לֹא הָיָה מוֹדֶה בְּכָךְ.	הִיא לְעוֹלָם לֹא הָיְתָה מוֹדָה בְּכָךְ.	1	1	1
17	23	מכנה	אוסקר וויילד	מודל למיליונר	10	נַעֲרֵי הַיָּקָר, אָמַר טַרְווֹר בְּחִיּוּךְ, "הַקַּבְּצָן הַזָּקֵן הַהוּא, כְּפִי שֶׁאַתָּה מְכַנֶּה אוֹתוֹ, הוּא אַחַד הָאֲנָשִׁים הָעֲשִׁירִים בְּיוֹתֵר בְּאֵירוֹפָּה."	נַעֲרָתִי הַיְּקָרָה, אָמַר טְרָוֶור בְּחִיּוּךְ, "הַקַּבְּצָן הַזָּקֵן הַהוּא, כְּפִי שֶׁאַתְּ מְכַנֶּה אוֹתוֹ, הוּא אַחַד הָאֲנָשִׁים הָעֲשִׁירִים בְּיוֹתֵר בְּאֵירוֹפָּה."	1	1	0
18	24	מנסה	אופיר עוז	למה אנחנו לא עושים את זה	9	אֲפִילּוּ הַקְּמָטִים הַקְּטַנִּים שֶׁמַּתְחִילִים לְהִיוּוֹצֵר אֶצְלוֹ — הוּא לֹא מְנַסֶּה לְהַסְתִּיר אוֹתָם, כֵּן?	אֲפִילּוּ הַקְּמָטִים הַקְּטַנִּים שֶׁמַּתְחִילִים לְהִיוּוֹצֵר אֶצְלָהּ — הִיא לֹא מְנַסָּה לְהַסְתִּיר אוֹתָם, כֵּן?	2	1	1
19	25	מנסה	אופיר עוז	שמחתי לא להכיר אותך	20	רַק אַחֲרֵי שֶׁהֵם עוֹזְבִים אוֹתִי וְהוֹלְכִים לָשֶׁבֶת עִם הַהוֹרִים שֶׁלִּי עַל קָפֶה וּפוֹלִיטִיקָה, אֲנִי חוֹזֵר בְּשֶׁקֶט לַכַּף שֶׁל הַטְּרַקְטוֹר שֶׁלִּי, מְנַסֶּה לְיַיצֵּב עָלָיו חֵלֶק אָדוֹם שֶׁל לֵגוֹ.	רַק אַחֲרֵי שֶׁהֵם עוֹזְבִים אוֹתִי וְהוֹלְכִים לָשֶׁבֶת עִם הַהוֹרִים שֶׁלִּי עַל קָפֶה וּפוֹלִיטִיקָה, אֲנִי חוֹזֶרֶת בְּשֶׁקֶט לַכַּף שֶׁל הַטְּרַקְטוֹר שֶׁלִּי, מְנַסֶּה לְיַיצֵּב עָלָיו חֵלֶק אָדוֹם שֶׁל לֵגוֹ.	1	1	1
20	25	מכבה	אופיר עוז	שמחתי לא להכיר אותך	2	וְאָז אַבָּא מְכַבֶּה לָנוּ אֶת הַטֵּלֵוִויזְיָה, וַאֲנַחְנוּ מוֹחִים, לַמְרוֹת שֶׁגַּם לָנוּ קְצָת נִמְאַס.	וְאָז אִמָּא מְכַבֶּה לָנוּ אֶת הַטֵּלֵוִויזְיָה, וַאֲנַחְנוּ מוֹחִים, לַמְרוֹת שֶׁגַּם לָנוּ קְצָת נִמְאַס.	1	1	0
21	25	מנסה	אופיר עוז	שמחתי לא להכיר אותך	1	אַבָּא מְנַסֶּה לְהַלְהִיב אוֹתִי.	אִמָּא מְנַסָּה לְהַלְהִיב אוֹתִי.	2	1	1
22	26	מראה	אופק קהילה	המסתורי שיש ביניהם	1	הוּא מַרְאֶה אֶת אֵיךְ שֶׁבְּלַיְיק מְצַיֵּיר אֶת הַשְּׁנִיָּה שֶׁל הָאֲכִילָה מֵעֵץ הַדַּעַת.	הִיא מַרְאָה אֶת אֵיךְ שֶׁבְּלַיְיק מְצַיֵּיר אֶת הַשְּׁנִיָּה שֶׁל הָאֲכִילָה מֵעֵץ הַדַּעַת.	1	1	1
23	26	מנסה	אופק קהילה	המסתורי שיש ביניהם	8	מָה שֶׁהוּא כֵּן עוֹשֶׂה זֶה מִתְקָרֵב לִי לַבֶּטֶן וּמְנַסֶּה לְהַרְכִּיב אֶת עַצְמוֹ עַל הַיָּרֵךְ שֶׁלִּי.	מָה שֶׁהִיא כֵּן עוֹשָׂה זֶה מִתְקָרֶבֶת לִי לַבֶּטֶן וּמְנַסָּה לְהַרְכִּיב אֶת עַצְמָהּ עַל הַיָּרֵךְ שֶׁלִּי.	2	1	1
24	26	מנסה	אופק קהילה	המסתורי שיש ביניהם	4	כְּשֶׁהוּא לֹא מַצְלִיחַ הוּא מְנַסֶּה יָשָׁר עַל הַכָּתֵף.	כְּשֶׁהִיא לֹא מַצְלִיחָה הִיא מְנַסָּה יָשָׁר עַל הַכָּתֵף.	2	1	1
25	26	מנסה	אופק קהילה	המסתורי שיש ביניהם	7	בְּסוֹף גַּם זֶה לֹא הוֹלֵךְ אָז הוּא מְנַסֶּה בְּעוֹד כַּמָּה מְקוֹמוֹת אֲבָל בַּסּוֹף הוּא מְוַותֵּר וַאֲנִי אוֹמֶרֶת לוֹ שָׁלוֹם וְיוֹצֵאת.	בְּסוֹף גַּם זֶה לֹא הוֹלֵךְ אָז הִיא מְנַסָּה בְּעוֹד כַּמָּה מְקוֹמוֹת אֲבָל בְּסוֹף הִיא מְוַותֶּרֶת וַאֲנִי אוֹמֶרֶת לָהּ שָׁלוֹם וְיוֹצֵאת.	2	1	1
26	26	מנסה	אופק קהילה	המסתורי שיש ביניהם	16	בַּסּוֹף הוּא כְּאִילּוּ שָׁם לֵב שֶׁאֲנִי שָׁם בִּכְלָל וּבְלִי לְהַגִּיד שָׁלוֹם הוּא פָּשׁוּט נִדְבָּק לִי לַבֶּטֶן, מְנַסֶּה לְהִתְחַבֵּר.	בְּסוֹף הִיא כְּאִילּוּ שְׁמָהּ לֵב שֶׁאֲנִי שָׁם בִּכְלָל וּבְלִי לְהַגִּיד שָׁלוֹם הִיא פָּשׁוּט נִדְבֶּקֶת לִי לַבֶּטֶן, מְנַסָּה לְהִתְחַבֵּר.	2	1	1
27	26	מנסה	אופק קהילה	המסתורי שיש ביניהם	3	אֲנִי נִשְׁאָר בַּבַּיִת וּמְנַסֶּה לַחֲשׁוֹב מָה לַעֲשׂוֹת.	אֲנִי נִשְׁאֶרֶת בַּבַּיִת וּמְנַסָּה לַחֲשׁוֹב מָה לַעֲשׂוֹת.	2	1	1
28	27	מנקה	אורי אורלב	הסינים	5	בַּעֲלֵי הָיָה נוֹשֵׁף כָּל פַּעַם וּמְנַקֶּה אֶת אַפּוֹ, כְּאִילּוּ יֵשׁ לוֹ נַזֶּלֶת.	אִשְׁתִּי הָיְתָה נוֹשֶׁפֶת כָּל פַּעַם וּמְנַקָּה אֶת אַפָּהּ, כְּאִילּוּ יֵשׁ לָהּ נַזֶּלֶת.	2	1	1
29	29	מנסה	אורית וולפיילר	שווייצריה זה כאן	2	בְּכוֹחַ אֲנִי מְנַסֶּה לְהַחֲזִיק אֶת עַצְמִי לֹא לְצַחְקֵק בְּנִימוּס מֵהַבְּדִיחָה הַזֹּאת, הַמַּעֲלִיבָה, אֲבָל בְּכָל זֹאת מֵצִיץ בַּתְּמוּנָה וּמְהַנְהֵן בְּמִין חֲצִי חִיּוּךְ שֶׁל הַסְכָּמָה.	בְּכוֹחַ אֲנִי מְנַסֶּה לְהַחֲזִיק אֶת עַצְמִי לֹא לְצַחְקֵק בְּנִימוּס מֵהַבְּדִיחָה הַזֹּאת, הַמַּעֲלִיבָה, אֲבָל בְּכָל זֹאת מְצִיצָה בַּתְּמוּנָה וּמְהַנְהֶנֶת בְּמִין חֲצִי חִיּוּךְ שֶׁל הַסְכָּמָה.	2	1	0
30	29	מנסה	אורית וולפיילר	שווייצריה זה כאן	3	בַּלֵּב שֶׁלִּי אֲנִי מְנַסֶּה לַחֲשׁוֹב אֵיךְ אֲנִי יָכוֹל לִגְרוֹם לָהּ לְהַפְסִיק לְדַבֵּר.	בַּלֵּב שֶׁלִּי אֲנִי מְנַסֶּה לַחֲשׁוֹב אֵיךְ אֲנִי יְכוֹלָה לִגְרוֹם לָהּ לְהַפְסִיק לְדַבֵּר.	2	1	0
31	29	מעלה	אורית וולפיילר	שווייצריה זה כאן	6	אַפְּרוֹפּוֹ טַעַם חָדָשׁ שֶׁל שׁוֹקוֹלָד, אֲנִי מַעֲלֶה לְעַצְמִי, מֵרוֹב תִּסְכּוּל עִם הַמַּחֲשָׁבָה הַזֹּאת, אֶת הַדּוֹפֶק, בְּאֵיזוֹ זְכוּת הָאֲנָשִׁים הָאֵלֶּה מַרְשִׁים לְעַצְמָם לְהַחְלִיט שֶׁזֶּה שֶׁאֲנִי יוֹשֵׁב לְיָדָם אוֹמֵר שֶׁאֲנִי אִיתָּם.	אַפְּרוֹפּוֹ טַעַם חָדָשׁ שֶׁל שׁוֹקוֹלָד, אֲנִי מַעֲלֶה לְעַצְמִי, מֵרוֹב תִּסְכּוּל עִם הַמַּחֲשָׁבָה הַזֹּאת, אֶת הַדּוֹפֶק, בְּאֵיזוֹ זְכוּת הָאֲנָשִׁים הָאֵלֶּה מַרְשִׁים לְעַצְמָם לְהַחְלִיט שֶׁזֶּה שֶׁאֲנִי יוֹשֶׁבֶת לְיָדָם אוֹמֵר שֶׁאֲנִי אִיתָּם.	2	1	0
32	29	מודה	אורית וולפיילר	שווייצריה זה כאן	3	בַּחֲצִי לֵב אֲנִי מוֹדֶה גַּם שֶׁחָמִים וּבָטוּחַ לִי בֵּינֵיהֶם, כְּבָר לֹא קָשׁוּר אֲבָל עָטוּף מִכָּל הַכִּיוּוּנִים.	בַּחֲצִי לֵב אֲנִי מוֹדֶה גַּם שֶׁחַמִּים וּבָטוּחַ לִי בֵּינֵיהֶם, כְּבָר לֹא קְשׁוּרָה אֲבָל עֲטוּפָה מִכָּל הַכִּיוּוּנִים.	2	1	0
33	29	מכסה	אורית וולפיילר	שווייצריה זה כאן	6	כָּל אֶחָד בַּחֲצִי שְׂמִיכָה שֶׁלּוֹ קְצָת מְכַסָּה אוֹתִי, וְלִי יֵשׁ פִּתְאוֹם שְׂמִיכָה שְׁלֵמָה, בְּדִיּוּק כְּשֶׁהָאִוְורוּר מַתְחִיל לְהַקְפִּיא לִי אֶת כַּפּוֹת הָרַגְלַיִים.	כָּל אַחַת בַּחֲצִי שְׂמִיכָה שֶׁלָּהּ קְצָת מְכַסָּה אוֹתִי, וְלִי יֵשׁ פִּתְאוֹם שְׂמִיכָה שְׁלֵמָה, בְּדִיּוּק כְּשֶׁהָאִוְורוּר מַתְחִיל לְהַקְפִּיא לִי אֶת כַּפּוֹת הָרַגְלַיִים.	1	0	1
34	32	מנסה	אורנה פילץ	גיבורות גדולות	5	מִיְּמִינָהּ וּקְצָת מֵאֲחוֹרֶיהָ – כְּאִילּוּ מְנַסֶּה לְהִסְתַּתֵּר, יוֹנִי, אַבָּא שֶׁל גּוֹנֵי.	מִיְּמִינָהּ וּקְצָת מֵאֲחוֹרֶיהָ – כְּאִילּוּ מְנַסֶּה לְהִסְתַּתֵּר, יָעֵל, אִמָּא שֶׁל גּוֹנִי.	2	1	0
35	32	מנסה	אורנה פילץ	גיבורות גדולות	8	וְאֶת כִּישְׁרוֹן הַכְּתִיבָה שֶׁלְּךָ, כַּמּוּבָן, יוֹנִי מְמַהֵר לְהוֹסִיף, מְנַסֶּה לִלְכּוֹד אֶת מַבָּטָהּ.	וְאֶת כִּישְׁרוֹן הַכְּתִיבָה שֶׁלְּךָ, כַּמּוּבָן, יָעֵל מְמַהֶרֶת לְהוֹסִיף, מְנַסֶּה לִלְכּוֹד אֶת מַבָּטָהּ.	2	1	0
36	32	מודה	אורנה פילץ	גיבורות גדולות	0	וּמוֹדֶה בְּלִבּוֹ לְלִיבִּי שֶׁדּוֹחֶפֶת אֶת הַפָּנִים שֶׁלָּהּ בִּתְבִיעָה לְלִיטּוּפִים.	וּמוֹדֶה בְּלִבָּהּ לְלִיבִּי שֶׁדּוֹחֶפֶת אֶת הַפָּנִים שֶׁלָּהּ בִּתְבִיעָה לְלִיטּוּפִים.	2	1	0
37	32	מנסה	אורנה פילץ	גיבורות גדולות	5	אֵירֵיס אוֹ עֲדִינָה – הוּא מְנַסֶּה לְגָרֵד מֵהָאַרְכִיּוֹן הַמְּשׁוּבָּשׁ שֶׁלּוֹ אֶת הַשֵּׁם שֶׁל הַמַּנְהִיגָה הָרוּחָנִית שֶׁל נְשׁוֹת הַגַּרְעִין הַתּוֹרָנִי שֶׁהִגִּיעָה אֲלֵיהֶם מֵהַשּׁוֹמְרוֹן וְהָפְכָה לִמְנַהֶלֶת הַמַּתְנָ"ס.	אֵירֵיס אוֹ עֲדִינָה – הִיא מְנַסָּה לְגָרֵד מֵהָאַרְכִיּוֹן הַמְּשׁוּבָּשׁ שֶׁלָּהּ אֶת הַשֵּׁם שֶׁל הַמַּנְהִיגָה הָרוּחָנִית שֶׁל נְשׁוֹת הַגַּרְעִין הַתּוֹרָנִי שֶׁהִגִּיעָה אֲלֵיהֶם מֵהַשּׁוֹמְרוֹן וְהָפְכָה לִמְנַהֶלֶת הַמַּתְנָ"ס.	2	1	1
38	32	מורה	אורנה פילץ	גיבורות גדולות	10	אֲנַחְנוּ מְאוֹד מַעֲרִיכִים אוֹתְךָ, הוּא מַדְגִּישׁ אֶת הַמִּילִּים הַחִיּוּבִיּוֹת, כְּמוֹ מוֹרֶה בְּיוֹם הוֹרִים שֶׁצָּרִיךְ לְהַגִּיד מַשֶּׁהוּ טוֹב לִפְנֵי דִּיוּוּחַ עַל צִיּוֹנִי מַחֲצִית גְּרוּעִים.	אֲנַחְנוּ מְאוֹד מַעֲרִיכוֹת אוֹתְךָ, הִיא מַדְגִּישָׁה אֶת הַמִּילִּים הַחִיּוּבִיּוֹת, כְּמוֹ מוֹרָה בְּיוֹם הוֹרִים שֶׁצְּרִיכָה לְהַגִּיד מַשֶּׁהוּ טוֹב לִפְנֵי דִּיוּוּחַ עַל צִיּוֹנִי מַחֲצִית גְּרוּעִים.	2	1	1
39	32	מנסה	אורנה פילץ	גיבורות גדולות	1	הוּא מְנַסֶּה לְהַרְוִויחַ זְמַן.	הִיא מְנַסָּה לְהַרְוִויחַ זְמַן.	2	1	1
40	32	מנסה	אורנה פילץ	גיבורות גדולות	10	הוּא נִזְכַּר בְּשֵׁם שֶׁל סֵפֶר: "אֲנִי שׂוֹנֵאת אֶת הַצַּוּוֹאר שֶׁלִּי", מְנַסָּה לְהִיזָּכֵר אִם קָרָא אוֹתוֹ בִּכְלָל.	הִיא נִזְכֶּרֶת בְּשֵׁם שֶׁל סֵפֶר: "אֲנִי שׂוֹנֵאת אֶת הַצַּוּוֹאר שֶׁלִּי", מְנַסָּה לְהִיזָּכֵר אִם קָרְאָה אוֹתוֹ בִּכְלָל.	2	0	1
41	32	מזהה	אורנה פילץ	גיבורות גדולות	2	אֲבָל הוּא מְזַהֶה אֶת הַחוּלְצָה, הַכְּתֵפַיִים, הַהֲלִיכָה.	אֲבָל הִיא מְזַהָה אֶת הַחוּלְצָה, הַכְּתֵפַיִים, הַהֲלִיכָה.	2	1	1
42	32	מזהה	אורנה פילץ	גיבורות גדולות	5	כְּשֶׁהוּא מִתְיַישֵּׁב בְּעוֹמֶק הַבָּמָה הוּא מְזַהֶה אֶת כַּרְמֶל.	כְּשֶׁהִיא מִתְיַישֶּׁבֶת בְּעוֹמֶק הַבָּמָה הִיא מְזַהָה אֶת כַּרְמֶל.	2	1	1
43	32	מזהה	אורנה פילץ	גיבורות גדולות	2	הִנֵּה, הוּא מְזַהֶה פִּתְאוֹם אֶת כַּרְמֶל, אֲבָל כַּרְמֶל לֹא מִסְתַּכֶּלֶת עָלָיו.	הִנֵּה, הִיא מְזַהָה פִּתְאוֹם אֶת כַּרְמֶל, אֲבָל כַּרְמֶל לֹא מִסְתַּכֶּלֶת עָלֶיהָ.	2	1	1
44	32	מפנה	אורנה פילץ	גיבורות גדולות	9	הוּא מַרְגִּישׁ אֶת הַגּוּף שֶׁלָּהּ, מֵרִיחַ אוֹתָהּ, וְרַק אָז מַפְנֶה אֶת הַמַּבָּט.	הִיא מַרְגִּישָׁה אֶת הַגּוּף שֶׁלָּהּ, מְרִיחָה אוֹתָהּ, וְרַק אָז מַפְנָה אֶת הַמַּבָּט.	2	1	1
45	37	מרשה	איימי גאסטין	גולדענע מדינה	14	לַחֲזוֹר לְעוֹלָם שֶׁבּוֹ הוּא יָכוֹל לִשְׁכַּב לָנוּחַ בְּלִי שֶׁעוֹד זוּג עֵינַיִים צוֹפֶה בּוֹ כְּשֶׁהוּא מַרְשֶׁה לְעַצְמָהּ לְהִינָּתֵק, לְהִיסָּחֵף.	לַחֲזוֹר לְעוֹלָם שֶׁבּוֹ הִיא יְכוֹלָה לִשְׁכַּב לָנוּחַ בְּלִי שֶׁעוֹד זוּג עֵינַיִים צוֹפָה בָּהּ כְּשֶׁהִיא מַרְשָׁה לְעַצְמָהּ לְהִינָּתֵק, לְהִיסָּחֵף.	2	1	1
46	37	מנסה	איימי גאסטין	גולדענע מדינה	4	סְפֶּנְסֶר תָּהָה אִם הוּא מְנַסֶּה לְהִימָּלֵט מִ'תְּחוּם הַמּוּשָׁב' שֶׁנִּקְבַּע בְּרוּסְיָה.	סְפֶּנְסֶר תָּהָה אִם הִיא מְנַסָּה לְהִימָּלֵט מִ'תְּחוּם הַמּוּשָׁב' שֶׁנִּקְבַּע בְּרוּסְיָה.	2	1	1
47	38	מנסה	איימי המפל	בשערי ממלכת החיות	1	הוּא מְנַסֶּה לְהִתְאוֹשֵׁשׁ, אוֹמֵר "אַבָּא קוֹרֵא לוֹ 'הַגּ'וּק'."	הִיא מְנַסָּה לְהִתְאוֹשֵׁשׁ, אוֹמֵר "אַבָּא קוֹרֵא לָהּ 'הַחִיפּוּשִׁית'."	1	1	1
48	38	מראה	איימי המפל	בשערי ממלכת החיות	1	הוּא מַרְאֶה לַבֵּרֵט אֵיךְ לִסְרוֹק אֶת זִיפֵי הַמַּתֶּכֶת בַּעֲדִינוּת לְאוֹרֶךְ רַגְלָיו הָאֲחוֹרִיּוֹת שֶׁל הַכֶּלֶב.	הִיא מַרְאָה לַבֵּרֵט אֵיךְ לִסְרוֹק אֶת זִיפֵי הַמַּתֶּכֶת בַּעֲדִינוּת לְאוֹרֶךְ רַגְלָיו הָאֲחוֹרִיּוֹת שֶׁל הַכֶּלֶב.	2	1	1
49	38	מדמה	איימי המפל	בשערי ממלכת החיות	1	הוּא מְדַמֶּה לְעַצְמוֹ אֶת הַדָּגִים קְפוּאִים בְּשָׂרָף כְּמוֹ בִּדְיוֹרְמָה.	הִיא מְדַמָּה לְעַצְמָהּ אֶת הַדָּגִים קְפוּאִים בְּשָׂרָף כְּמוֹ בִּדְיוֹרְמָהּ.	2	1	1
50	41	מצפה	אילנה ברנשטיין	מעשייה בעורב	1	אֲנִי מְצַפֶּה לִתְשׁוּבָה, הוּא אָמַר.	אֲנִי מְצַפֶּה לַתְּשׁוּבָה, הִיא אָמְרָה.	1	1	0
51	43	מכבה	אילנה רודשבסקי	קפה	3	בַּסּוֹף הוּא קָם, מְכַבֶּה אֶת הַמַּחְשֵׁב, וְיוֹצֵא עִם הַשַּׂקִּית שֶׁל הַזֶּבֶל לְכִיוּוּן הַוּוֹאדִי.	בְּסוֹף הִיא קָמָה, מְכַבֶּה אֶת הַמַּחְשֵׁב, וְיוֹצֵאת עִם הַשַּׂקִּית שֶׁל הַזֶּבֶל לְכִיוּוּן הַוּוֹאדִי.	2	1	0
52	43	מנסה	אילנה רודשבסקי	קפה	4	בַּעֲלָהּ שׁוֹאֵל מִתּוֹךְ שֵׁינָה, מְנַסֶּה לְנַעֵר מֵעָלָיו אֶת הַסִּיפּוּר שֶׁעוֹד לֹא מַמָּשׁ נוֹגֵעַ בּוֹ, בְּכַוּוֹנָה נְחוּשָׁה, שֶׁכָּרֶגַע נִפְעַר בָּהּ סֶדֶק רִאשׁוֹן, לְהַמְשִׁיךְ לִישׁוֹן עוֹד שָׁעָה וְאוּלַי שְׁעָתַיִים, שֶׁבְּרוֹב הַשַּׁבָּתוֹת הוּא מַצְלִיחַ.	אִשְׁתּוֹ שׁוֹאֶלֶת מִתּוֹךְ שֵׁינָה, מְנַסָּה לְנַעֵר מֵעָלֶיהָ אֶת הַסִּיפּוּר שֶׁעוֹד לֹא מַמָּשׁ נוֹגֵעַ בָּהּ, בְּכַוּוֹנָה נְחוּשָׁה, שֶׁכָּרֶגַע נִפְעַר בָּהּ סֶדֶק רִאשׁוֹן, לְהַמְשִׁיךְ לִישׁוֹן עוֹד שָׁעָה וְאוּלַי שְׁעָתַיִים, שֶׁבְּרוֹב הַשַּׁבָּתוֹת הִיא מַצְלִיחָה.	1	1	1
53	43	מנסה	אילנה רודשבסקי	קפה	2	גַּם הוּא מְנַסֶּה לְהָזִיז אֶת הַבָּחוּר.	גַּם הִיא מְנַסָּה לְהָזִיז אֶת הַבָּחוּר.	1	1	1
54	43	מגלה	אילנה רודשבסקי	קפה	15	אֵיךְ קוֹרְאִים לְךָ, אֵיפֹה אַתָּה גָּר, הַפָּרָמֵדִיק עֲדַיִין צוֹעֵק, דָּבַק בַּמְּשִׂימָה שֶׁלּוֹ, אֲבָל הַנַּעַר לֹא מְגַלֶּה אֵיךְ קוֹרְאִים לוֹ וְגַם לֹא אֵיפֹה הוּא גָּר, "אֲנִי בִּכְלָל לֹא מִכָּאן," הוּא אוֹמֵר.	אֵיךְ קוֹרְאִים לְךָ, אֵיפֹה אַתְּ גָּרָה, הַפָּרָמֵדִיק עֲדַיִין צוֹעֵק, דָּבַק בַּמְּשִׂימָה שֶׁלּוֹ, אֲבָל הַנַּעֲרָה לֹא מְגַלָּה אֵיךְ קוֹרְאִים לָהּ וְגַם לֹא אֵיפֹה הִיא גָּרָה, "אֲנִי בִּכְלָל לֹא מִכָּאן," הִיא אוֹמֶרֶת.	1	1	1
55	43	מראה	אילנה רודשבסקי	קפה	7	אִם הַנַּעַר נִבְהַל מֵהַמִּילָּה מִשְׁטָרָה, הוּא לֹא מַרְאֶה אֶת זֶה.	אִם הַנַּעֲרָה נִבְהֲלָה מֵהַמִּילָּה מִשְׁטָרָה, הִיא לֹא מַרְאָה אֶת זֶה.	1	1	1
56	43	מנסה	אילנה רודשבסקי	קפה	3	בַּהֲלִיכָה זְהִירָה הוּא מְנַסֶּה לִשְׁמוֹר שֶׁהַקָּפֶה לֹא יִישָּׁפֵךְ בַּדֶּרֶךְ אֶל הַשּׁוּלְחָן, וּמַנִּיחַ אֶת הַכּוֹס בַּמָּקוֹם שֶׁבּוֹ הָעַכְבָּר לֹא יָכוֹל לְהַגִּיעַ אֵלֶיהָ.	בַּהֲלִיכָה זְהִירָה הִיא מְנַסָּה לִשְׁמוֹר שֶׁהַקָּפֶה לֹא יִישָּׁפֵךְ בַּדֶּרֶךְ אֶל הַשּׁוּלְחָן, וּמְנִיחָה אֶת הַכּוֹס בַּמָּקוֹם שֶׁבּוֹ הָעַכְבָּר לֹא יָכוֹל לְהַגִּיעַ אֵלֶיהָ.	2	1	1
57	47	מצפה	אירן נמירובסקי	יום א'	5	אָה, גָ'מִיל, אַתָּה הֲרֵי לֹא מְצַפֶּה שֶׁאֶסְתַּפֵּק בַּטִּיפּ-טִיפָּה שֶׁאַתָּה מַצִּיעַ לִי?	אָה, נְאַדֵּין, אַתְּ הֲרֵי לֹא מְצַפֶּה שֶׁאֶסְתַּפֵּק בַּטִּיפּ-טִיפָּה שֶׁאַתְּ מַצִּיעָה לִי?	2	1	1
58	47	מזהה	אירן נמירובסקי	יום א'	12	כְּשֶׁהָיָה פּוֹסֵעַ בִּרְחוֹב לֵס קָאז, אִי שֶׁל צְלָלִים בְּדִמְדּוּמִים שֶׁל יְמֵי הַחוֹרֶף, וּמְזַהָה מֵעַל הַדֶּלֶת אֶת דְּמוּת הָאִישָּׁה הַמְּחַיֶּיכֶת, הַמְּפוּסֶּלֶת בְּאֶבֶן, אֶת הַפָּנִים הָרַכּוֹת וְהַמּוּכָּרוֹת הַמְּעוּטָּרוֹת בִּסְרָטִים דַּקִּים, הָיָה חָשׁ מְרוּכָּךְ, מְפוּיָּס, שָׁטוּף בְּאוֹשֶׁר רוֹגַע.	כְּשֶׁהָיְתָה פּוֹסַעַת בִּרְחוֹב לֵס קָאז, אִי שֶׁל צְלָלִים בְּדִמְדּוּמִים שֶׁל יְמֵי הַחוֹרֶף, וּמְזַהָה מֵעַל הַדֶּלֶת אֶת דְּמוּת הָאִישָּׁה הַמְּחַיֶּיכֶת, הַמְּפוּסֶּלֶת בְּאֶבֶן, אֶת הַפָּנִים הָרַכּוֹת וְהַמּוּכָּרוֹת הַמְּעוּטָּרוֹת בִּסְרָטִים דַּקִּים, הָיְתָה חָשָׁה מְרוּכֶּכֶת, מְפוּיֶּסֶת, שְׁטוּפָה בְּאוֹשֶׁר רוֹגַע.	2	0	1
59	48	מנסה	אישטוון אֶרקֶן	סיפורים בני דקה	11	בְּכָל זֹאת לֹא זָכִיתִי לַעֲסוֹק בַּמִּקְצוֹעַ הַמְּפוּקְפָּק בְּיוֹתֵר בָּעוֹלָם – אֲנִי מְנַסֶּה לְשַׁכְנֵעַ אֶת עַצְמִי, וּבְקוֹשִׁי מַצְלִיחַ לִשְׁמוֹר עַל קוֹר רוּחִי מֵרוֹב שִׂמְחָה.	בְּכָל זֹאת לֹא זָכִיתִי לַעֲסוֹק בַּמִּקְצוֹעַ הַמְּפוּקְפָּק בְּיוֹתֵר בָּעוֹלָם – אֲנִי מְנַסֶּה לְשַׁכְנֵעַ אֶת עַצְמִי, וּבְקוֹשִׁי מַצְלִיחָה לִשְׁמוֹר עַל קוֹר רוּחִי מֵרוֹב שִׂמְחָה.	1	1	0
60	53	מנקה	אלונזו קוואטו	מלאך ושמו גבריאל	4	אִם יַגִּיד לָהֶם שֶׁהוּא מְנַקֶּה מְכוֹנִיּוֹת, יִשְׁאֲלוּ מָה הוּא עוֹשֶׂה בַּמּוֹשָׁב הָאֲחוֹרִי.	אִם תַּגִּיד לָהֶם שֶׁהִיא מְנַקָּה מְכוֹנִיּוֹת, יִשְׁאֲלוּ מָה הִיא עוֹשָׂה בַּמּוֹשָׁב הָאֲחוֹרִי.	1	1	1
61	53	מנקה	אלונזו קוואטו	מלאך ושמו גבריאל	1	הוּא מְנַקֶּה לִי אֶת הַבַּיִת, הַמְּפַקֵּד.	הִיא מְנַקָּה לִי אֶת הַבַּיִת, הַמְּפַקֵּד.	1	1	1
62	54	מעלה	אלזה מורנטה	המשחק הסודי	3	וְהָרוּחַ נוֹשֶׁבֶת, וְהוּא מַעֲלֶה אוֹתִי עַל הַסּוּס שֶׁלּוֹ, וַאֲנַחְנוּ בּוֹרְחִים בַּלַּיְלָה.	וְהָרוּחַ נוֹשֶׁבֶת, וְהִיא מַעֲלָה אוֹתִי עַל הַסּוּס שֶׁלָּהּ, וַאֲנַחְנוּ בּוֹרְחִים בַּלַּיְלָה.	1	1	1
63	58	מודה	אלחנדרו סמברה	תודה	20	כְּדֵי לְהָסִיר מֵעָלֵינוּ אֶת הַחֲטִיפָה, הוּא אוֹמֵר וְחוֹשֵׁב עַל הַמִּישּׁוּשִׁים שֶׁנֶּאֱלַץ לִסְבּוֹל, מִישּׁוּשִׁים קַלִּים, לַאֲמִיתּוֹ שֶׁל דָּבָר, וְעַל כָּךְ הוּא מוֹדֶה.	כְּדֵי לְהָסִיר מֵעָלֵינוּ אֶת הַחֲטִיפָה, הִיא אוֹמֶרֶת וְחוֹשֶׁבֶת עַל הַמִּישּׁוּשִׁים שֶׁנֶּאֶלְצָה לִסְבּוֹל, מִישּׁוּשִׁים קַלִּים, לַאֲמִיתּוֹ שֶׁל דָּבָר, וְעַל כָּךְ הִיא מוֹדֶה.	2	1	0
64	58	מנסה	אלחנדרו סמברה	תודה	10	מִישֶׁהוּ חָצוּף, מִישֶׁהוּ שֶׁעֲדַיִין מַאֲמִין בַּסִּיפּוּרִים מֵהַסּוּג הַזֶּה, שֶׁאוֹסֵף אוֹתָם וּמְנַסֶּה לְסַפֵּר אוֹתָם כְּמוֹ שֶׁצָּרִיךְ.	מִישֶׁהִי חֲצוּפָה, מִישֶׁהִי שֶׁעֲדַיִין מַאֲמִינָה בַּסִּיפּוּרִים מֵהַסּוּג הַזֶּה, שֶׁאוֹסֶפֶת אוֹתָם וּמְנַסָּה לְסַפֵּר אוֹתָם כְּמוֹ שֶׁצָּרִיךְ.	1	1	1
65	58	מודה	אלחנדרו סמברה	תודה	1	הוּא מוֹדֶה גַּם לְצֵ'ילָנֵי הָרִאשׁוֹן, בִּזְמַן שֶׁהֵם מְלַטְּפִים זֶה אֶת זֶה בַּיְּדִיעָה שֶׁהַלַּיְלָה לֹא יַעֲשׂוּ אַהֲבָה וְיַעֲבִירוּ אֶת הַשָּׁעוֹת בְּשִׂיחָה, צְמוּדִים זֶה לָזֶה, צְמוּדִים עַד סַכָּנָה, סוֹלִידֵאָרִיִּים.	הִיא מוֹדָה גַּם לְצֵ'ילָנֵי הָרִאשׁוֹן, בִּזְמַן שֶׁהֵם מְלַטְּפִים זֶה אֶת זֶה בַּיְּדִיעָה שֶׁהַלַּיְלָה לֹא יַעֲשׂוּ אַהֲבָה וְיַעֲבִירוּ אֶת הַשָּׁעוֹת בְּשִׂיחָה, צְמוּדִים זֶה לָזֶה, צְמוּדִים עַד סַכָּנָה, סוֹלִידֵאָרִיִּים.	2	1	1
66	59	מנסה	אליס ביאלסקי	זויה	23	יַלְדָּה, אֲנִי מְדַבֵּר אֵלַיִיךְ, אִישׁ מְבוּגָּר וְשֶׁמֶן דִּידָּה לְכִיוּוּנִי בְּכָל הַכּוֹחַ, תּוֹמֵךְ בְּיָד אַחַת אֶת הֶחָזֶה וְאִילּוּ אֶת הַשְּׁנִיָּיה הוּא הוֹשִׁיט אֵלַיי, כְּאִילּוּ מְנַסֶּה לַחֲטוֹף לִי אֶת הַסִּיגַרְיָה מֵהַפֶּה.	יַלְדָּה, אֲנִי מְדַבֶּרֶת אֵלַיִיךְ, אִישָּׁה מְבוּגֶּרֶת וּשְׁמֵנָה דִּידְּתָה לְכִיוּוּנִי  בְּכָל הַכּוֹחַ, תּוֹמֶכֶת בְּיָד אַחַת אֶת הֶחָזֶה וְאִילּוּ אֶת הַשְּׁנִיָּיה הִיא הוֹשִׁיטָה אֵלַיי, כְּאִילּוּ מְנַסֶּה לַחֲטוֹף לִי אֶת הַסִּיגַרְיָה מֵהַפֶּה.	2	1	0
67	59	מנקה	אליס ביאלסקי	זויה	7	הָיִינוּ נִלְהָבִים כָּל כָּךְ עַד שֶׁלֹּא הִבְחַנּוּ בִּמְנַקֶּה שֶׁנִּיצָּב מוּלֵנוּ, קָשִׁישׁ נְמוּךְ קוֹמָה וּמְגוּבָּן, בַּעַל עֵינַיִים כְּחוּלּוֹת דְּהוּיוֹת שֶׁתָּמִיד דָּמְעוּ.	הָיִינוּ נִלְהָבִים כָּל כָּךְ עַד שֶׁלֹּא הִבְחַנּוּ בִּמְנַקָּה שֶׁנִּיצְּבָה מוּלֵנוּ, קְשִׁישָׁה נְמוּכַת קוֹמָה וּמְגוּבֶּנֶת, בַּעֲלַת עֵינַיִים כְּחוּלּוֹת דְּהוּיוֹת שֶׁתָּמִיד דָּמְעוּ.	2	1	1
68	60	מרצה	אליס ביאלסקי	ריקוד הברבורים	4	הוּא פְּרוֹפֵסוֹר, אַתְּ יוֹדַעַת, מַרְצָה לְאֶסְתֵּטִיקָה שֶׁל הָעֵת הָעַתִּיקָה — הוּא עָלוּל לְהִיבָּהֵל.	הִיא פְּרוֹפֵסוֹר, אַתְּ יוֹדַעַת, מַרְצָה לְאֶסְתֵּטִיקָה שֶׁל הָעֵת הָעַתִּיקָה — הִיא עֲלוּלָה לְהִיבֶּהָלָה.	1	0	1
69	63	מורה	אליף בָּאטוּמָן	קיץ בסמרקנד	0	מוֹרֶה טוּרְקִי שֶׁהָפַךְ לִמְלוֹנַאי מָסַר לִי דּוּחַ מוּדְפָּס שֶׁחִיבֵּר וּבוֹ חָשַׂף אֶת שֶׁקֶר הַשּׁוֹאָה הָאַרְמֵנִית, כְּדֵי שֶׁאֶמְסוֹר אוֹתוֹ לִידֵי הַמִּמְשָׁל הָאָמֵרִיקָאִי.	מוֹרֵה טוּרְקִיָּה שֶׁהָפְכָה לִמְלוֹנָאִית מָסְרָה לִי דּוּחַ מוּדְפָּס שֶׁחִיבְּרָה וּבוֹ חָשְׂפָה אֶת שֶׁקֶר הַשּׁוֹאָה הָאַרְמֵנִית, כְּדֵי שֶׁאֶמְסוֹר אוֹתוֹ לִידֵי הַמִּמְשָׁל הָאָמֵרִיקָאִי.	1	1	0
70	63	מרצה	אליף בָּאטוּמָן	קיץ בסמרקנד	12	הוּא בִּיצֵּעַ לִכְאוֹרָה מְעִילָה וְהוֹנָאַת מִיסִּים שֶׁבְּגִינָהּ, בְּעֵת כְּתִיבַת שׁוּרוֹת אֵלֶּה, הוּא מַרְצֶה עוֹנֶשׁ מַאֲסָר.	הִיא בִּיצְּעָה לִכְאוֹרָה מְעִילָה וְהוֹנָאַת מִיסִּים שֶׁבְּגִינָהּ, בְּעֵת כְּתִיבַת שׁוּרוֹת אֵלֶּה, הִיא מַרְצָה עוֹנֶשׁ מַאֲסָר.	1	0	0
71	63	מורה	אליף בָּאטוּמָן	קיץ בסמרקנד	0	הַמּוֹרֶה הָיָה דּוֹקְטוֹרַנְט יְלִיד סָמַרְקַנְד בְּשֵׁם גּוֹלְנוֹרָה.	הַמּוֹרָה הָיְתָה דּוֹקְטוֹרַנְטִית יְלִידַת סָמַרְקַנְד בְּשֵׁם גּוֹלְנוֹרָה.	1	1	1
72	63	מורה	אליף בָּאטוּמָן	קיץ בסמרקנד	10	נָכוֹן, "שָׁם" הִיא מִילָּה דֵּי שְׁגוּרָה בְּקוֹרְסֵי שָׂפָה שָׁנָה א', וְהַמּוֹרֶה אָמוּר, כַּנִּרְאֶה, לָדַעַת אִם הִיא בְּזָכָר אוֹ בִּנְקֵבָה.	נָכוֹן, "שָׁם" הִיא מִילָּה דֵּי שְׁגוּרָה בְּקוֹרְסֵי שָׂפָה שָׁנָה א', וְהַמּוֹרֶה אֲמוּרָה, כַּנִּרְאֶה, לָדַעַת אִם הִיא בְּזָכָר אוֹ בִּנְקֵבָה.	2	1	0
73	64	מנסה	אלכס פז-גולדמן	משלוש יוצא אחד	11	לְרֶגַע נִזְכַּרְתִּי בְּסִרְטֵי פֶּשַׁע אָמֵרִיקָאִי שֶׁבָּהֶם הַבַּלָּשׁ עוֹמֵד בְּבַר מוּל הַמּוֹזֵג וּמְנַסֶּה לְדוֹבֵב אוֹתוֹ לְגַבֵּי עֲבַרְיָין מְסוּיָּם וְאַחֲרֵי כָּל מִשְׁפָּט הַמּוֹזֵג מִשְׁתַּתֵּק וּמַמְשִׁיךְ רַק אַחֲרֵי שֶׁשְּׁטָר נוֹסָף מִתְקַלֵּף מֵעֲרֵימַת הַשְּׁטָרוֹת.	לְרֶגַע נִזְכַּרְתִּי בְּסִרְטֵי פֶּשַׁע אָמֵרִיקָאִי שֶׁבָּהֶם הַבַּלָּשִׁית עוֹמֶדֶת בְּבַר מוּל הַמּוֹזֵג וּמְנַסָּה לְדוֹבֵב אוֹתוֹ לְגַבֵּי עֲבַרְיָין מְסוּיָּם וְאַחֲרֵי כָּל מִשְׁפָּט הַמּוֹזֵג מִשְׁתַּתֵּק וּמַמְשִׁיךְ רַק אַחֲרֵי שֶׁשְּׁטָר נוֹסָף מִתְקַלֵּף מֵעֲרֵימַת הַשְּׁטָרוֹת.	1	1	1
74	64	מזהה	אלכס פז-גולדמן	משלוש יוצא אחד	6	הוּא כַּנִּרְאֶה לֹא הָיָה בָּטוּחַ שֶׁהוּא מְזַהֶה אוֹתִי אַחֲרֵי שָׁנִים כֹּה רַבּוֹת.	הִיא כַּנִּרְאֶה לֹא הָיְתָה בְּטוּחָה שֶׁהִיא מְזַהָה אוֹתִי אַחֲרֵי שָׁנִים כֹּה רַבּוֹת.	1	1	1
75	64	מנסה	אלכס פז-גולדמן	משלוש יוצא אחד	7	רְאוּבֵן בָּחַן אוֹתִי בְּמַבָּט מְשׁוּנֶּה כְּאִילּוּ הוּא מְנַסֶּה לַחְדּוֹר לְתוֹךְ צְפוּנוֹת לִבִּי.	דִּינָה בָּחֲנָה אוֹתִי בְּמַבָּט מְשׁוּנֶּה כְּאִילּוּ הִיא מְנַסָּה לַחְדּוֹר לְתוֹךְ צְפוּנוֹת לִבִּי.	1	1	1
76	64	מרשה	אלכס פז-גולדמן	משלוש יוצא אחד	9	הָיִיתִי יֶלֶד תָּמִים וּבַדְּמָעוֹת אָמַרְתִּי לוֹ שֶׁאַבָּא שֶׁלִּי לֹא מַרְשֶׁה.	הָיִיתִי יֶלֶד תָּמִים וּבַדְּמָעוֹת אָמַרְתִּי לוֹ שֶׁאִמָּא שֶׁלִּי לֹא מַרְשֶׁה.	2	1	0
77	64	מרשה	אלכס פז-גולדמן	משלוש יוצא אחד	8	הוּא פָּרַץ בִּצְחוֹק וְאָמַר שֶׁהִיא לֹא פֹּה וְשֶׁהוּא מַרְשֶׁה וְאָז פָּשׁוּט תָּלַשׁ אוֹתוֹ מֵעָלַיי וְחָבַשׁ אוֹתוֹ עַל רֹאשׁוֹ.	הִיא פָּרְצָה בִּצְחוֹק וְאָמְרָה שֶׁהוּא לֹא פֹּה וְשֶׁהִיא מַרְשָׁה וְאָז פָּשׁוּט תָּלְשָׁה אוֹתוֹ מֵעָלַיי וְחָבְשָׁה אוֹתוֹ עַל רֹאשָׁהּ.	1	1	1
78	65	מורה	אלכס פז-גולדמן	שלושה בסירה אחת עם פאני היל	7	אֲנִי יוֹדֵעַ זֹאת הֵיטֵב כִּי אֲנִי הָיִיתִי הַמּוֹרֶה הַפְּרָטִי שֶׁלּוֹ.	אֲנִי יוֹדַעַת זֹאת הֵיטֵב כִּי אֲנִי הָיִיתִי הַמּוֹרָה הַפְּרָטִית שֶׁלּוֹ.	1	1	1
79	65	מנסה	אלכס פז-גולדמן	שלושה בסירה אחת עם פאני היל	14	הָיָה לִי קָשֶׁה לְהַאֲמִין שֶׁזּוֹ הַסִּיבָּה הָאֲמִיתִּית וְהָיָה לִי בָּרוּר שֶׁיֵּשׁ סוֹד אַחֵר שֶׁאָבִי מְנַסֶּה לְהַסְתִּיר מִמֶּנִּי וְהַסּוֹד הַזֶּה הֵצִיק לִי.	הָיָה לִי קָשֶׁה לְהַאֲמִין שֶׁזּוֹ הַסִּיבָּה הָאֲמִיתִּית וְהָיָה לִי בָּרוּר שֶׁיֵּשׁ סוֹד אַחֵר שֶׁאִמִּי מְנַסֶּה לְהַסְתִּיר מִמֶּנִּי וְהַסּוֹד הַזֶּה הֵצִיק לִי.	1	1	1
80	65	מדמה	אלכס פז-גולדמן	שלושה בסירה אחת עם פאני היל	8	כָּל פַּעַם שֶׁהָיִיתִי בַּדִּירָה הָיִיתִי מַבִּיט לְעֵבֶר הַוִּוילוֹן וּמְדַמֶּה שֶׁיֵּשׁ לִי עֵינֵי רֶנְטְגֶּן שֶׁחוֹשְׂפוֹת אֶת הַמִּסְתּוֹרִין.	כָּל פַּעַם שֶׁהָיִיתִי בַּדִּירָה הָיִיתִי מַבִּיטָה לְעֵבֶר הַוִּוילוֹן וּמְדַמֶּה שֶׁיֵּשׁ לִי עֵינֵי רֶנְטְגֶּן שֶׁחוֹשְׂפוֹת אֶת הַמִּסְתּוֹרִין.	1	1	1
81	67	מצפה	אלכסנדר סרגייביץ' פושקין	מלכת פיק	12	הוּא הָיָה בַּעַל גַּאֲווֹה, חָשׁ הֵיטֵב אֶת מַצָּבוֹ, וְהִתְבּוֹנֵן עַל סְבִיבוֹ בְּקוֹצֶר-רוּחַ, מְצַפֶּה לְגוֹאֵל.	הִיא הָיְתָה בַּעֲלַת גַּאֲווֹה, חָשָׁה הֵיטֵב אֶת מַצָּבָהּ, וְהִתְבּוֹנְנָה עַל סְבִיבָה בְּקוֹצֶר-רוּחַ, מְצַפֶּה לְגוֹאֵל.	2	1	1
82	67	מראה	אלכסנדר סרגייביץ' פושקין	מלכת פיק	4	הַשָּׁלוֹשׁ נִיצֵּחַ, אָמַר הֶרְמָן, מַרְאֶה אֶת הַקְּלָף שֶׁלּוֹ.	הַשָּׁלוֹשׁ נִיצֵּחַ, אָמְרָה מָרִיָּה, מַרְאֶה אֶת הַקְּלָף שֶׁלָּהּ.	1	1	0
83	67	מכסה	אלכסנדר סרגייביץ' פושקין	מלכת פיק	4	הוּא עָמַד סָמוּךְ לַכְּנִיסָה, מְכַסָּה אֶת פָּנָיו בְּצַוְּוארוֹן מִפַּרְוַות-בּוֹנֶה: עֵינָיו הַשְּׁחוֹרוֹת הִבְרִיקוּ מִתַּחַת לַכּוֹבַע.	הִיא עָמְדָה סָמוּךְ לַכְּנִיסָה, מְכַסָּה אֶת פָּנֶיהָ בְּצַוְּוארוֹן מִפְּרוֹוֹת-בּוֹנֶה: עֵינֶיהָ הַשְּׁחוֹרוֹת הִבְרִיקוּ מִתַּחַת לַכּוֹבַע.	1	1	1
84	67	מכסה	אלכסנדר סרגייביץ' פושקין	מלכת פיק	4	הֶרְמָן נָטַל קְלָף וְהִנִּיחוּ, מְכַסָּה אוֹתוֹ בַּעֲרֵימָה שֶׁל שְׁטָרוֹת.	מָרִיָּה נָטְלָה קְלָף וְהִנִּיחַתּוּ, מְכַסָּה אוֹתוֹ בַּעֲרֵימָה שֶׁל שְׁטָרוֹת.	1	1	1
85	68	מודה	אלכסנדר קופרין	הפיל	15	לְמַעֲשֶׂה, זֶה מְשַׁעֲמֵם אוֹתוֹ, אֲבָל כְּדֵי לֹא לְצַעֵר אֶת אָבִיו הוּא לוֹחֵשׁ בְּהַכְנָעָה: "אֲנִי מְאוֹד-מְאוֹד מוֹדֶה לְךָ, אַבָּא יָקָר."	לְמַעֲשֶׂה, זֶה מְשַׁעֲמֵם אוֹתָהּ, אֲבָל כְּדֵי לֹא לְצַעֵר אֶת אָבִיהָ הִיא לוֹחֶשֶׁת בְּהַכְנָעָה: "אֲנִי מְאוֹד-מְאוֹד מוֹדֶה לְךָ, אַבָּא יָקָר."	2	1	0
86	68	מרזה	אלכסנדר קופרין	הפיל	5	הוּא שׁוֹכֵב זֶה חוֹדֶשׁ בְּמִטָּתוֹ, מַרְזֶה וְנֶחֱלָשׁ מִיּוֹם לְיוֹם, לֹא מִתְעַנְיֵין בַּדָּבָר, מִשְׁתַּעֲמֵם וְדוֹעֵךְ לְאִטּוֹ.	הִיא שׁוֹכֶבֶת זֶה חוֹדֶשׁ בְּמִטָּתָהּ, מַרְזֶה וְנֶחֱלֶשֶׁת מִיּוֹם לְיוֹם, לֹא מִתְעַנְיֶינֶת בַּדָּבָר, מִשְׁתַּעֲמֶמֶת וְדוֹעֶכֶת לְאִטָּהּ.	2	1	0
87	68	מנסה	אלכסנדר קופרין	הפיל	3	שׁוֹטֵר עוֹבֵר בַּקָּהָל וּמְנַסֶּה לְדַבֵּר אֶל לִבּוֹ: "רַבּוֹתַי, אֲנִי מְבַקֵּשׁ מִכֶּם לְהִתְפַּזֵּר."	שׁוֹטֶרֶת עוֹבֶרֶת בַּקָּהָל וּמְנַסָּה לְדַבֵּר אֶל לִבּוֹ: "רַבּוֹתַי, אֲנִי מְבַקֶּשֶׁת מִכֶּם לְהִתְפַּזֵּר."	1	1	1
88	68	מראה	אלכסנדר קופרין	הפיל	3	אַחֵר כָּךְ גָ'מִיל מַרְאֶה לוֹ סֵפֶר גָּדוֹל עִם תְּמוּנוֹת וּמַסְבִּיר: "זֶה סוּס, זֹאת קַנְרִי, זֶה רוֹבֶה."	אַחֵר כָּךְ נַדְיָה מַרְאֶה לוֹ סֵפֶר גָּדוֹל עִם תְּמוּנוֹת וּמַסְבִּירָה: "זֶה סוּס, זֹאת קַנְרִי, זֶה רוֹבֶה."	1	1	0
89	70	מנסה	אמברוז בירס	התרחשות בגשר נחל הינשוף	15	הוּא לֹא הָיָה מוּדָע לְמַאֲמָץ כָּלְשֶׁהוּ, אֲבָל כְּאֵב חַד בְּמִפְרְקֵי יָדָיו הֵעִיד עַל כָּךְ שֶׁהוּא מְנַסֶּה לְשַׁחְרֵר אוֹתָן.	הִיא לֹא הָיְתָה מוּדַעַת לְמַאֲמָץ כָּלְשֶׁהוּ, אֲבָל כְּאֵב חַד בְּמִפְרְקֵי יָדֶיהָ הֵעִיד עַל כָּךְ שֶׁהִיא מְנַסָּה לְשַׁחְרֵר אוֹתָן.	1	1	1
90	71	מפנה	אמיל חביבי	שער מנדלבאום	18	מִן הַשַּׁעַר "שֶׁלָּנוּ" יָצְאָה אִישׁ זָקֵן, נִשְׁעָן עַל מַקְלוֹ, לְעֵבֶר הַשַּׁעַר "שֶׁלָּהֶם", וְהִתְחִיל לַחֲצוֹת אֶת "שֶׁטַח הַהֶפְקֵר" כְּשֶׁהוּא מַפְנֶה מִזְּמַן לִזְמַן אֶת רֹאשׁוֹ וּמְנַפְנֵף בְּיָדוֹ, וּמִתְקַדֵּם הָלְאָה.	מִן הַשַּׁעַר "שֶׁלָּנוּ" יָצְאָה אִישָּׁה זְקֵנָה, נִשְׁעֶנֶת עַל מְקִלָּה, לְעֵבֶר הַשַּׁעַר "שֶׁלָּהֶם", וְהִתְחִילָה לַחֲצוֹת אֶת "שֶׁטַח הַהֶפְקֵר" כְּשֶׁהִיא מַפְנָה מִזְּמַן לִזְמַן אֶת רֹאשָׁהּ וּמְנַפְנֶפֶת בְּיָדָהּ, וּמִתְקַדֶּמֶת הָלְאָה.	2	1	1
91	72	מגלה	אמילי ברוט	מאיפה יוצא הפיפי שלך	12	אִם הָיִיתִי הַמַּחֲשָׁבוֹת שֶׁאֲנִי חוֹשֵׁב אָז הָיִיתִי גִּיבּוֹר-עַל פֵּדוֹפִיל, גּוֹנֵב סוּכָּרִיּוֹת, רוֹצֵחַ, מְגַלֶּה עֲרָיוֹת, שׁוֹדֵד מְעוֹפֵף וּמְעַשֵּׁן קָרָאק.	אִם הָיִיתִי הַמַּחֲשָׁבוֹת שֶׁאֲנִי חוֹשֶׁבֶת אָז הָיִיתִי גִּיבּוֹרַת-עַל פֵּדוֹפִילִית, גּוֹנֶבֶת סוּכָּרִיּוֹת, רוֹצַחַת, מְגַלֶּה עֲרָיוֹת, שׁוֹדֶדֶת מְעוֹפֶפֶת וּמְעַשֶּׁנֶת קָרָאק.	2	1	0
92	72	מנסה	אמילי ברוט	מאיפה יוצא הפיפי שלך	21	כְּשֶׁהַזֶּרֶם שָׁטַף אֶת הָרַגְלַיִים שֶׁלִּי הוּא עֲדַיִין לֹא הָיָה בָּטוּחַ לְגַמְרֵי מֵאֵיפֹה בְּדִיּוּק הוּא מַגִּיעַ אָז הוּא בָּדַק בְּאֶצְבָּעוֹת כְּאִילּוּ הוּא מְנַסֶּה לִמְצוֹא סִילוֹן מַיִם בַּגָּ'קוּזִי.	כְּשֶׁהַזֶּרֶם שָׁטַף אֶת הָרַגְלַיִים שֶׁלִּי הִיא עֲדַיִין לֹא הָיְתָה בְּטוּחָה לְגַמְרֵי מֵאֵיפֹה בְּדִיּוּק הוּא מַגִּיעַ אָז הִיא בַּדַּקָּה בְּאֶצְבָּעוֹת כְּאִילּוּ הִיא מְנַסָּה לִמְצוֹא סִילוֹן מַיִם בַּגָּ'קוּזִי.	1	1	1
93	74	מונה	אנג'לה קרטר	הגבירה מבית האהבה	1	הוּא מוֹנֶה אֶת קְלָפֵי הֲטָארוֹט וּמְפָרֵשׁ בְּלִי הֶרֶף צֵירוּפֵי אֶפְשָׁרוּיוֹת.	הִיא מוֹנֶה אֶת קְלָפֵי הֲטָארוֹט וּמִפָּרָשַׁת בְּלִי הֶרֶף צֵירוּפֵי אֶפְשָׁרוּיוֹת.	2	1	0
94	74	מגלה	אנג'לה קרטר	הגבירה מבית האהבה	4	תְּחִילָּה, לְמַרְבֵּה הָאַכְזָבָה, הוּא מְגַלֶּה שִׁגְגוֹתֵיהֶן שֶׁל כָּל הַבְּקָתוֹת שְׁקוּעִים פְּנִימָה וַעֲשָׂבִים גְּבוֹהִים מְבַצְבְּצִים מִתּוֹךְ תִּלֵּי רְעָפִים שֶׁנָּפְלוּ, תְּרִיסִים תְּלוּיִים עַל צִירֵיהֶם חַסְרֵי-נֶחָמָה, וְהַמָּקוֹם כּוּלּוֹ אֵינוֹ מְיוּשָּׁב.	תְּחִילָּה, לְמַרְבֵּה הָאַכְזָבָה, הִיא מְגַלָּה שִׁגְגוֹתֵיהֶן שֶׁל כָּל הַבְּקָתוֹת שְׁקוּעִים פְּנִימָה וַעֲשָׂבִים גְּבוֹהִים מְבַצְבְּצִים מִתּוֹךְ תִּלֵּי רְעָפִים שֶׁנָּפְלוּ, תְּרִיסִים תְּלוּיִים עַל צִירֵיהֶם חַסְרֵי-נֶחָמָה, וְהַמָּקוֹם כּוּלּוֹ אֵינוֹ מְיוּשָּׁב.	1	1	1
95	74	מנסה	אנג'לה קרטר	הגבירה מבית האהבה	2	כְּשֶׁהוּא כּוֹרֵעַ וּמְנַסֶּה לֶאֱסוֹף אֶת שִׁבְרֵי הַזְּכוּכִית, רְסִיס חַד נִנְעַץ עָמוֹק בַּכָּרִית אֲגוּדָלוֹ; הוּא צוֹעֵק צְעָקָה מָרָה, אֲמִיתִּית.	כְּשֶׁהִיא כּוֹרַעַת וּמְנַסָּה לֶאֱסוֹף אֶת שִׁבְרֵי הַזְּכוּכִית, רְסִיס חַד נִנְעַץ עָמוֹק בְּכָרִית אֲגוּדָלָהּ; הִיא צוֹעֶקֶת צְעָקָה מָרָה, אֲמִיתִּית.	2	1	1
96	76	מגלה	אנדרי בלאטניק	סדקים או יבשה	1	אַתָּה מְגַלֶּה שֶׁאֵין מָה לְהַצִּיל.	אַתְּ מְגַלֶּה שֶׁאֵין מָה לְהַצִּיל.	1	1	1
97	76	מרשה	אנדרי בלאטניק	סדקים או יבשה	4	וְהוּא צָחַק וְאָמַר: "אַבָּא מַרְשֶׁה לְךָ?"	וְהִיא צָחֲקָה וְאָמְרָה: "אִמָּא מַרְשָׁה לְךָ?"	2	1	1
98	77	מצפה	אנדריאה יפטנוביץ'	הצורך להיות בן	4	קָשֶׁה שֶׁיֶּלֶד מַבִּיט בְּךָ וּמְצַפֶּה לַשָּׁוְוא לִתְשׁוּבָה מִשְּׁנֵי הוֹרִים מְבוּלְבָּלִים.	קָשֶׁה שֶׁיָּלְדָה מַבִּיטָה בְּךָ וּמְצַפֶּה לַשָּׁוְוא לִתְשׁוּבָה מִשְּׁנֵי הוֹרִים מְבוּלְבָּלִים.	1	1	0
99	77	מודה	אנדריאה יפטנוביץ'	הצורך להיות בן	2	כֵּן, אֲנִי מוֹדֶה שֶׁאֲנִי חָשׁ הַעֲרָצָה מְסוּיֶּמֶת, אֲבָל לָמָּה מֵעוֹלָם לֹא רְאִיתֶם בִּי חַיָּיל בַּגְּדוּדִים שֶׁלָּכֶם?	כֵּן, אֲנִי מוֹדֶה שֶׁאֲנִי חָשָׁה הַעֲרָצָה מְסוּיֶּמֶת, אֲבָל לָמָּה מֵעוֹלָם לֹא רְאִיתֶם בִּי חַיֶּילֶת בַּגְּדוּדִים שֶׁלָּכֶם?	1	1	0
100	79	מנסה	אנדרס קייסדו	הצופה	2	אַחַד הַשּׁוֹדְדִים מְנַסֶּה לָקַחַת מִיָּדוֹ שֶׁל הַשּׁוֹמֵר אֶת הָאֶקְדָּח וְלֹא מַבְחִין שֶׁהוּא עֲדַיִין בַּחַיִּים.	אַחַת הַשּׁוֹדְדוֹת מְנַסֶּה לָקַחַת מִידָּה שֶׁל הַשּׁוֹמֶרֶת אֶת הָאֶקְדָּח וְלֹא מִבְּחִינָה שֶׁהִיא עֲדַיִין בַּחַיִּים.	1	1	0
