1	1	אֶמינֶה סֶבְגִי אוֹזדָמָר	איסטנבול שלי	רוצה	גברתי, אם את לא יודעת לאן את רוצה לנסוע, למה נכנסת למונית שלי?	אֲדוֹנִי, אִם אַתָּה לֹא יוֹדֵעַ לְאָן אַתָּה רוֹצֶה לִנְסוֹעַ, לָמָּה נִכְנַסְתָּ לַמּוֹנִית שֶׁלִּי?	גְּבִרְתִּי, אִם אַתְּ לֹא יוֹדַעַת לְאָן אַתְּ רוֹצָה לִנְסוֹעַ, לָמָּה נִכְנַסְתְּ לַמּוֹנִית שֶׁלִּי?	2
2	1	אֶמינֶה סֶבְגִי אוֹזדָמָר	איסטנבול שלי	רוצה	האחר התרגז ואמר: "מה פתאום אתה נותן לי שלוש לירות, אני רוצה לירה אחת."	הָאַחֵר הִתְרַגֵּז וְאָמַר: "מָה פִּתְאוֹם אַתָּה נוֹתֵן לִי שָׁלוֹשׁ לִירוֹת, אֲנִי רוֹצֶה לִירָה אַחַת."	הָאַחֶרֶת הִתְרַגְּזָה וְאָמְרָה: "מָה פִּתְאוֹם אַתְּ נוֹתֶנֶת לִי שָׁלוֹשׁ לִירוֹת, אֲנִי רוֹצָה לִירָה אַחַת."	1
3	2	אָישָה דה לה קרוס	Famous Blue Raincoat	רואה	החתימה עומדת בניגוד אכזרי לנימה של המכתב עצמו, וגם כך, הוא לא רואה בה שמץ של אירוניה.	הַחֲתִימָה עוֹמֶדֶת בְּנִיגּוּד אַכְזָרִי לַנִּימָה שֶׁל הַמִּכְתָּב עַצְמוֹ, וְגַם כָּךְ, הוּא לֹא רוֹאֶה בָּהּ שֶׁמֶץ שֶׁל אִירוֹנְיָה.	הַחֲתִימָה עוֹמֶדֶת בְּנִיגּוּד אַכְזָרִי לַנִּימָה שֶׁל הַמִּכְתָּב עַצְמוֹ, וְגַם כָּךְ, הִיא לֹא רוֹאָה בָּהּ שֶׁמֶץ שֶׁל אִירוֹנְיָה.	1
4	2	אָישָה דה לה קרוס	Famous Blue Raincoat	רוצה	כשהם יחד בקרוואן המחסור במרחב מחייה בלתי נסבל, והוא רק רוצה שהיא תתפוגג.	כְּשֶׁהֵם יַחַד בַּקָּרָוָואן הַמַּחְסוֹר בַּמֶּרְחָב מִחְיָיה בִּלְתִּי נִסְבָּל, וְהוּא רַק רוֹצֶה שֶׁהִיא תִּתְפּוֹגֵג.	כְּשֶׁהֵם יַחַד בַּקָּרָוָואן הַמַּחְסוֹר בַּמֶּרְחָב מִחְיָיה בִּלְתִּי נִסְבָּל, וְהִיא רַק רוֹצָה שֶׁהוּא יִתְפּוֹגֵג.	1
5	2	אָישָה דה לה קרוס	Famous Blue Raincoat	רוצה	הוא רוצה לברוח משם, אבל משהו בצורות המעוינות שמקשטות את הקשקשים שלו מהפנט ומונע ממנו להתיק את מבטו.	הוּא רוֹצֶה לִבְרוֹחַ מִשָּׁם, אֲבָל מַשֶּׁהוּ בְּצוּרוֹת הַמְּעוּיָּנוֹת שֶׁמְּקַשְּׁטוֹת אֶת הַקַּשְׂקַשִּׂים שֶׁלּוֹ מְהַפְּנֵט וּמוֹנֵעַ מִמֶּנּוּ לְהַתִּיק אֶת מַבָּטוֹ.	הִיא רוֹצָה לִבְרוֹחַ מִשָּׁם, אֲבָל מַשֶּׁהוּ בַּצּוּרוֹת הַמְּעוּיָּנוֹת שֶׁמְּקַשְּׁטוֹת אֶת הַקַּשְׂקַשִּׂים שֶׁלּוֹ מְהַפְּנֵט וּמוֹנֵעַ מִמֶּנָּה לְהַתִּיק אֶת מַבָּטָהּ.	1
6	3	אדגר אלן פו	הבור והמטוטלת	חולה	בקומי הרגשתי חולה וחלש עד מאוד – הו, עד כלות כל הכוחות!	בַּקּוּמִי הִרְגַּשְׁתִּי חוֹלֶה וְחַלָּשׁ עַד מְאוֹד – הוֹ, עַד כְּלוֹת כָּל הַכּוֹחוֹת!	בְּקוּמִי הִרְגַּשְׁתִּי חוֹלָה וְחַלָּשָׁה עַד מְאוֹד – הוֹ, עַד כְּלוֹת כָּל הַכּוֹחוֹת!	1
7	4	אדגר אלן פו	הלב המדובב	טועה	כלום לא אמרתי לך שמה שאתה טועה לראות בו שיגעון אינו אלא חדות-יתר של החושים?	כְּלוּם לֹא אָמַרְתִּי לְךָ שְׁמָהּ שֶׁאַתָּה טוֹעֶה לִרְאוֹת בּוֹ שִׁיגָּעוֹן אֵינוֹ אֶלָּא חַדּוֹת-יֶתֶר שֶׁל הַחוּשִׁים?	כְּלוּם לֹא אָמַרְתִּי לָךְ שְׁמָהּ שֶׁאַתְּ טוֹעָה לִרְאוֹת בּוֹ שִׁיגָּעוֹן אֵינוֹ אֶלָּא חַדּוֹת-יֶתֶר שֶׁל הַחוּשִׁים?	1
8	6	אדגר אלן פו	נפילת בית אשר	בוהה	ברגעים אחרים נמצאתי זוקף הכול לגחמותיו הסתומות של השיגעון, כי ראיתיו בוהה לריק במשך שעות ארוכות, וכל-כולו דרוך כאילו היה מאזין לאיזה צליל דמיוני.	כִּי רְאִיתִיו בּוֹהֶה לָרִיק בְּמֶשֶׁךְ שָׁעוֹת אֲרוּכּוֹת, וְכָל-כּוּלּוֹ דָּרוּךְ כְּאִילּוּ הָיָה מַאֲזִין לְאֵיזֶה צְלִיל דִּמְיוֹנִי.	כִּי רְאִיתִיהָ בּוֹהָה לָרִיק בְּמֶשֶׁךְ שָׁעוֹת אֲרוּכּוֹת, וְכָל-כּוּלָּהּ דְּרוּכָה כְּאִילּוּ הָיְיתָה מַאֲזִינָה לְאֵיזֶה צְלִיל דִּמְיוֹנִי.	1
9	7	אדהם עאדל	כליון	בוכה	כעבור חודשים ספורים הופיע במערה, לבדו, תינוק בוכה, אוחז בידיו תליון קטן בצבע כסף, חלוד בשוליו, שחיסל את מה שנותר מהאנושות.	כַּעֲבוֹר חוֹדָשִׁים סְפוּרִים הוֹפִיעַ בַּמְּעָרָה, לְבַדּוֹ, תִּינוֹק בּוֹכֶה, אוֹחֵז בְּיָדָיו תִּלְיוֹן קָטָן בְּצֶבַע כֶּסֶף, חָלוּד בְּשׁוּלָיו, שֶׁחִיסֵּל אֶת מָה שֶׁנּוֹתַר מֵהָאֱנוֹשׁוּת.	כַּעֲבוֹר חוֹדָשִׁים סְפוּרִים הוֹפִיעָה בַּמְּעָרָה, לְבַדָּהּ, תִּינוֹקֶת בּוֹכָה, אוֹחֶזֶת בְּיָדֶיהָ תִּלְיוֹן קָטָן בְּצֶבַע כֶּסֶף, חָלוּד בְּשׁוּלָיו, שֶׁחִיסֵּל אֶת מָה שֶׁנּוֹתַר מֵהָאֱנוֹשׁוּת.	1
10	8	אדוארדו ברטי	יומנה של קוראת עיתונים	רוצה	האמת, אני לא יודעת אם התעצבנתי בגלל מה שסיפרה לי או כי אתמול היה יום ראשון ואני לא רוצה שיפריעו לי בסופי שבוע.	הָאֱמֶת, אֲנִי לֹא יוֹדֵעַ אִם הִתְעַצְבַּנְתִּי בִּגְלַל מָה שֶׁסִּיפֵּר לִי אוֹ כִּי אֶתְמוֹל הָיָה יוֹם רִאשׁוֹן וַאֲנִי לֹא רוֹצֶה שֶׁיַּפְרִיעוּ לִי בְּסוֹפֵי שָׁבוּעַ.	הָאֱמֶת, אֲנִי לֹא יוֹדַעַת אִם הִתְעַצְבַּנְתִּי בִּגְלַל מָה שֶׁסִּיפְּרָה לִי אוֹ כִּי אֶתְמוֹל הָיָה יוֹם רִאשׁוֹן וַאֲנִי לֹא רוֹצָה שֶׁיַּפְרִיעוּ לִי בְּסוֹפֵי שָׁבוּעַ.	2
11	8	אדוארדו ברטי	יומנה של קוראת עיתונים	רוצה	הוא נראה מחונך, אבל אני לא חושבת שהוא כמו שאתה היית רוצה שהוא יהיה.	הוּא נִרְאֶה מְחוּנָּךְ, אֲבָל אֲנִי לֹא חוֹשֶׁבֶת שֶׁהוּא כְּמוֹ שֶׁאַתָּה הָיִיתָ רוֹצֶה שֶׁהוּא יִהְיֶה.	הִיא נִרְאֵית מְחוּנֶּכֶת, אֲבָל אֲנִי לֹא חוֹשֶׁבֶת שֶׁהִיא כְּמוֹ שֶׁאַתְּ הָיִית רוֹצָה שֶׁהִיא תִּהְיֶה.	1
12	8	אדוארדו ברטי	יומנה של קוראת עיתונים	רוצה	אנה מתחילה לבכות ואומרת שהיא צריכה לפגוש אותי, היא רוצה לספר לי מה קרה.	אָדָם מַתְחִיל לִבְכּוֹת וְאוֹמֵר שֶׁהוּא צָרִיךְ לִפְגּוֹשׁ אוֹתִי, הוּא רוֹצֶה לְסַפֵּר לִי מָה קָרָה.	אָנָה מַתְחִילָה לִבְכּוֹת וְאוֹמֶרֶת שֶׁהִיא צְרִיכָה לִפְגּוֹשׁ אוֹתִי, הִיא רוֹצָה לְסַפֵּר לִי מָה קָרָה.	2
13	8	אדוארדו ברטי	יומנה של קוראת עיתונים	רואה	אני לא רואה טלוויזיה ולא שומעת רדיו, כדי לא לשמוע חדשות שטרם קראתי.	אֲנִי לֹא רוֹאֵה טֵלֵוִויזְיָה וְלֹא שׁוֹמֵעַ רַדְיוֹ, כְּדֵי לֹא לִשְׁמוֹעַ חֲדָשׁוֹת שֶׁטֶּרֶם קָרָאתִי.	אֲנִי לֹא רוֹאָה טֵלֵוִויזְיָה וְלֹא שׁוֹמַעַת רַדְיוֹ, כְּדֵי לֹא לִשְׁמוֹעַ חֲדָשׁוֹת שֶׁטֶּרֶם קָרָאתִי.	2
14	8	אדוארדו ברטי	יומנה של קוראת עיתונים	דומה	התמונה היתה מעורפלת, אבל הבחור הזה דומה לך כל כך עד שהחלטתי לבחון את התמונה בזכוכית מגדלת.	הַתְּמוּנָה הָיְתָה מְעוּרְפֶּלֶת, אֲבָל הַבָּחוּר הַזֶּה דּוֹמֶה לָךְ כָּל כָּךְ עַד שֶׁהֶחְלַטְתִּי לִבְחוֹן אֶת הַתְּמוּנָה בִּזְכוּכִית מַגְדֶּלֶת.	הַתְּמוּנָה הָיְתָה מְעוּרְפֶּלֶת, אֲבָל הַבַּחוּרָה הַזּוֹ דּוֹמָה לָךְ כָּל כָּךְ עַד שֶׁהֶחְלַטְתִּי לִבְחוֹן אֶת הַתְּמוּנָה בִּזְכוּכִית מַגְדֶּלֶת.	1
15	8	אדוארדו ברטי	יומנה של קוראת עיתונים	רוצה	אני מניחה שהיא היתה רוצה שהיומן ייגמר בתמונה הזאת שגזרתי מהעיתון ואני עומדת להדביק פה.	אֲנִי מַנִּיחַ שֶׁהוּא הָיָה רוֹצֶה שֶׁהַיּוֹמָן יִיגָּמֵר בַּתְּמוּנָה הַזֹּאת שֶׁגָּזַרְתִּי מֵהָעִיתּוֹן וַאֲנִי עוֹמֵד לְהַדְבִּיק פֹּה.	אֲנִי מַנִּיחָה שֶׁהִיא הָיְתָה רוֹצָה שֶׁהַיּוֹמָן יִיגָּמֵר בַּתְּמוּנָה הַזֹּאת שֶׁגָּזַרְתִּי מֵהָעִיתּוֹן וַאֲנִי עוֹמֶדֶת לְהַדְבִּיק פֹּה.	2
16	9	אדוארדו חלפון	המתאגרף הפולני	רוצה	אחר כך חשבתי שאחרי ששתה מעבר למידה, במצבו הגופני הנוכחי, מה שהוא רוצה לספר לי עלול לטלטל אותו, אולי יותר מדי.	אַחֵר כָּךְ חָשַׁבְתִּי שֶׁאַחֲרֵי שֶׁשָּׁתָה מַעֲבַר לְמִידָּה, בְּמַצָּבוֹ הַגּוּפָנִי הַנּוֹכְחִי, מָה שֶׁהוּא רוֹצֶה לְסַפֵּר לִי עָלוּל לְטַלְטֵל אוֹתוֹ, אוּלַי יוֹתֵר מִדַּי.	אַחֵר כָּךְ חָשַׁבְתִּי שֶׁאַחֲרֵי שֶׁשָּׁתְתָה מֵעֵבֶר לַמִּידָּה, בְּמַצָּבָהּ הַגּוּפָנִי הַנּוֹכְחִי, מָה שֶׁהִיא רוֹצָה לְסַפֵּר לִי עָלוּל לְטַלְטֵל אוֹתָהּ, אוּלַי יוֹתֵר מִדַּי.	1
17	9	אדוארדו חלפון	המתאגרף הפולני	רוצה	לקחתי את הבקבוק ושאלתי אותו אם הוא רוצה שאמזוג לו עוד קצת, אבל הוא לא ענה לי ואולי לא שמע.	לָקַחְתִּי אֶת הַבַּקְבּוּק וְשָׁאַלְתִּי אוֹתוֹ אִם הוּא רוֹצֶה שֶׁאֶמְזוֹג לוֹ עוֹד קְצָת, אֲבָל הוּא לֹא עָנָה לִי וְאוּלַי לֹא שָׁמַע.	לָקַחְתִּי אֶת הַבַּקְבּוּק וְשָׁאַלְתִּי אוֹתָהּ אִם הִיא רוֹצָה שֶׁאֶמְזוֹג לָהּ עוֹד קְצָת, אֲבָל הִיא לֹא עָנְתָה לִי וְאוּלַי לֹא שָׁמְעָה.	1
18	10	אדית נסביט	משחררי הממלכה	רוצה	הו, אני רוצה הביתה, אמרה אפי.	הוֹ, אֲנִי רוֹצֶה הַבַּיְתָה, אָמַר אֵפִי.	הוֹ, אֲנִי רוֹצָה הַבַּיְתָה, אָמְרָה אֵפִי.	2
19	10	אדית נסביט	משחררי הממלכה	תוהה	"הארי," אמרה אפי, "אני תוהה מתי הוא יאכל אותנו!"	הָאֲרִי, אָמַר אֵפִי, "אֲנִי תּוֹהֶה מָתַי הוּא יֹאכַל אוֹתָנוּ!"	הָארִי, אָמְרָה אֵפִי, "אֲנִי תּוֹהָה מָתַי הוּא יֹאכַל אוֹתָנוּ!"	2
20	10	אדית נסביט	משחררי הממלכה	בוכה	והם ראו את אמם בוכה בבית על ילדיה שנעלמו באור היום האים ומטיל האימה, ופוחדת שדרקון יאכל אותם, והם ראו את כל אנגליה, כמו מפת פזל ענקית – ירקה באזורי השדות וחומה בערים ושחרה במקומות שמכינים בהם פחם וכלי חרס וסכו"ם ודשנים כימיים.	וְהֵם רָאוּ אֶת אֲבִיהֶם בּוֹכֶה בַּבַּיִת עַל יְלָדָיו שֶׁנֶּעֶלְמוּ בְּאוֹר הַיּוֹם הָאָיוֹם וּמֵטִיל הָאֵימָה.	וְהֵם רָאוּ אֶת אִמָּם בּוֹכָה בַּבַּיִת עַל יְלָדֶיהָ שֶׁנֶּעֶלְמוּ בְּאוֹר הַיּוֹם הָאָיוֹם וּמֵטִיל הָאֵימָה.	2
21	11	אדית נסביט	ספר היצורים	רוצה	ואז ליונל חבש את כתרו וישב על כס המלוכה שלו ואמר שהוא רוצה לחוקק כמה חקים.	וְאָז לְיוֹנֵל חָבַשׁ אֶת כִּתְרוֹ וְיָשַׁב עַל כֵּס הַמְּלוּכָה שֶׁלּוֹ וְאָמַר שֶׁהוּא רוֹצֶה לְחוֹקֵק כַּמָּה חוּקִּים.	וְאָז לִיאַת חָבְשָׁה אֶת כִּתְרָהּ וְיָשְׁבָה עַל כֵּס הַמְּלוּכָה שֶׁלָּהּ וְאָמְרָה שֶׁהִיא רוֹצָה לְחוֹקֵק כַּמָּה חוּקִּים.	1
22	11	אדית נסביט	ספר היצורים	טועה	וכדאי לומר שגם אם ראש הממשלה, שר האוצר והאומנת לא סמכו במיחד על שקול הדעת של ליונל, ואפלו היו מסגלים לסטר לו ולשלח אותו למטה, ברגע שהוא התישב על כס המלוכה וחבש את הכתר לראשו, הוא הפך למי שאינו טועה לעולם – זאת אומרת, כל מה שאמר היה נכון, והוא לא היה מסגל לטעות.	הוּא הָפַךְ לְמִי שֶׁאֵינוֹ טוֹעֶה לְעוֹלָם – זֹאת אוֹמֶרֶת, כָּל מָה שֶׁאָמַר הָיָה נָכוֹן, וְהוּא לֹא הָיָה מְסוּגָּל לִטְעוֹת.	הִיא הָפְכָה לְמִי שֶׁאֵינָהּ טוֹעָה לְעוֹלָם – זֹאת אוֹמֶרֶת, כָּל מָה שֶׁאָמְרָה הָיָה נָכוֹן, וְהִיא לֹא הָיְיתָה מְסוּגֶּלֶת לִטְעוֹת.	1
23	11	אדית נסביט	ספר היצורים	שותה	הוא שותה את הדם שלהם.	הוּא שׁוֹתֶה אֶת הַדָּם שֶׁלָּהֶם.	הִיא שׁוֹתָה אֶת הַדָּם שֶׁלָּהֶם.	1
24	11	אדית נסביט	ספר היצורים	עולה	הדרקון היה מטרד נוראי במהלך השבת כלה, למעט שעה אחת בצהרים שבה היה חיב לנוח מתחת לעץ, שאם לא כן, היה עולה באש בגלל חמה של השמש.	שֶׁאִם לֹא כֵּן, הָיָה עוֹלֶה בְּאֵשׁ בִּגְלַל חַמָּה שֶׁל הַשֶּׁמֶשׁ.	שֶׁאִם לֹא כֵּן, הָיְיתָה עוֹלָה בָּאֵשׁ בִּגְלַל חוֹמָה שֶׁל הַשֶּׁמֶשׁ.	1
25	11	אדית נסביט	ספר היצורים	רואה	נדמה לי שאני רואה טוב יותר ושומע טוב יותר אחרי שבכיתי במשך שבוע.	נִדְמֶה לִי שֶׁאֲנִי רוֹאֶה טוֹב יוֹתֵר וְשׁוֹמֵעַ טוֹב יוֹתֵר אַחֲרֵי שֶׁבָּכִיתִי בְּמֶשֶׁךְ שָׁבוּעַ.	נִדְמֶה לִי שֶׁאֲנִי רוֹאָה טוֹב יוֹתֵר וְשׁוֹמַעַת טוֹב יוֹתֵר אַחֲרֵי שֶׁבָּכִיתִי בְּמֶשֶׁךְ שָׁבוּעַ.	1
26	11	אדית נסביט	ספר היצורים	דומה	ההיפוגריף חכך את אפו המשיי הרך הלבן והחלבי בכתפו של המלך הקטן, והמלך הקטן חשב, "חוץ מהכנפים, אתה דומה מאוד לסוס הנדנדה המסכן, היקר והאבוד שלי.	חוּץ מֵהַכְּנָפַיִם, אִתָּהּ דּוֹמֶה מְאוֹד לְסוּס הַנַּדְנֵדָה הַמִּסְכֵּן, הַיָּקָר וְהָאָבוּד שֶׁלִּי.	חוּץ מֵהַכְּנָפַיִם, אַתְּ דּוֹמָה מְאוֹד לְסוּס הַנַּדְנֵדָה הַמִּסְכֵּן, הַיָּקָר וְהָאָבוּד שֶׁלִּי.	1
27	11	אדית נסביט	ספר היצורים	רואה	אתה לא רואה שאנחנו לא לבד?	אַתָּה לֹא רוֹאֶה שֶׁאֲנַחְנוּ לֹא לְבַד?	אַתְּ לֹא רוֹאָה שֶׁאֲנַחְנוּ לֹא לְבַד?	1
28	12	אדית נסביט	רקס פורטונטוס ושות'	בונה	אני הבעלים של גבעת התלתן, אמרה, "ואתה יכול לבנות על כל השטח, פרט לשבעת האקרים בראש הגבעה ולחמשה-עשר אקרים נוספים מסביבם, ועליך לבנות לי חומה גבוהה סביב שבעת האקרים וחומה נוספת סביב חמשה-עשר האקרים – ושתיהן, תסלח לי, מלבנים אדמות; לא מהחמר הזול הצהב שאתה בונה בו בדרך כלל – ואתה חיב לחוקק חק חדש שכל מי שיגנב מפרותי יתלה על העץ שממנו גנב.	וּשְׁתֵּיהֶן, תִּסְלַח לִי, מִלְּבֵנִים אֲדוּמּוֹת; לֹא מֵהַחוֹמֶר הַזּוֹל הַצָּהוֹב שֶׁאַתָּה בּוֹנֶה בּוֹ בְּדֶרֶךְ כְּלָל.	וּשְׁתֵּיהֶן, תִּסְלַח לִי, מִלְּבֵנִים אֲדָמוֹת; לֹא מֵהַחֲמַר הַזּוֹל הַצַּהַב שֶׁאַתְּ בּוֹנֶה בּוֹ בְּדֶרֶךְ כְּלָל.	1
29	12	אדית נסביט	רקס פורטונטוס ושות'	רוצה	אז לבסוף הם שאלו את הנסיך הקטן דניס לאן הוא הולך כשהוא רוצה להשיג תפוחים.	אָז לְבַסּוֹף הֵם שָׁאֲלוּ אֶת הַנָּסִיךְ הַקָּטָן דֵּנִיס לְאָן הוּא הוֹלֵךְ כְּשֶׁהוּא רוֹצֶה לְהַשִּׂיג תַּפּוּחִים.	אָז לְבַסּוֹף הֵם שָׁאֲלוּ אֶת הַנְּסִיכָה הַקְּטַנָּה דְּנִיסָה לְאָן הִיא הוֹלֶכֶת כְּשֶׁהִיא רוֹצָה לְהַשִּׂיג תַּפּוּחִים.	1
30	13	אדם מארק	טמגוצ׳י	חולה	אבל כשהפכתי אותו בחזרה, מימו עדיין היה שם, חולה כמקודם.	אֲבָל כְּשֶׁהָפַכְתִּי אוֹתוֹ בַּחֲזָרָה, מִימוֹ עֲדַיִין הָיָה שָׁם, חוֹלֶה כִּמְקוּדָּם.	אֲבָל כְּשֶׁהָפַכְתִּי אוֹתָהּ בַּחֲזָרָה, מִימוֹ עֲדַיִין הָיְיתָה שָׁם, חוֹלָה כְּמִקּוֹדֶם.	1
31	13	אדם מארק	טמגוצ׳י	חולה	מימו נראה חולה גם על הצג של בקי.	מִימוֹ נִרְאֶה חוֹלֶה גַּם עַל הַצָּג שֶׁל בֵּקִי.	מִימוֹ נִרְאֲתָה חוֹלָה גַּם עַל הַצָּג שֶׁל בֵּקִי.	1
32	13	אדם מארק	טמגוצ׳י	חולה	אחד בריא, השני חולה.	אֶחָד בָּרִיא, הַשֵּׁנִי חוֹלֶה.	אַחַת בְּרִיאָה, הַשְּׁנִיָּיה חוֹלָה.	1
33	13	אדם מארק	טמגוצ׳י	תוהה	ילד רזה שנפלו לו שתי שיניים קדמיות הביט בנו, תוהה מה אנחנו עושים.	יֶלֶד רָזֶה שֶׁנָּפְלוּ לוֹ שְׁתֵּי שִׁינַּיִים קִדְמִיּוֹת הִבִּיט בְּנוֹ, תּוֹהֶה מָה אֲנַחְנוּ עוֹשִׂים.	יַלְדָּה רָזָה שֶׁנָּפְלוּ לָהּ שְׁתֵּי שִׁינַּיִים קִדְמִיּוֹת הִבִּיטָה בְּנוֹ, תּוֹהָה מָה אֲנַחְנוּ עוֹשִׂים.	1
34	14	אדם מקומבר	הגן האוטומטי	דוחה	היו אפילו שמועות על כישוף, אם כי אנדרה פליביין, היסטוריון החצר של לואי הארבעה-עשר, דוחה השערות מעין אלה ורואה בהן דברים בטלים.	הָיוּ אֲפִילּוּ שְׁמוּעוֹת עַל כִּישּׁוּף, אִם כִּי אָנְדְּרֶה פְלִיבֵּיְין, הִיסְטוֹרְיוֹן הֶחָצֵר שֶׁל לוּאִי הָאַרְבָּעָה-עָשָׂר, דּוֹחֶה הַשְׁעָרוֹת מֵעֵין אֵלֶּה.	הָיוּ אֲפִילּוּ שְׁמוּעוֹת עַל כִּישּׁוּף, אִם כִּי אָנְדְּרֶה פְלִיבֵּיין, הִיסְטוֹרְיוֹנִית הֶחָצֵר שֶׁל לוּאִי הָאַרְבָּעָה-עָשָׂר, דּוֹחָה הַשְׁעָרוֹת מֵעֵין אֵלֶּה.	1
35	14	אדם מקומבר	הגן האוטומטי	תוהה	ואפילו בזמן כתיבתן של שורות אלה, ביושבי אל שולחן העץ בביתי, בעודי שומע את צליל קולה של אשתי הטובה מדברת אל ילדי בחדרים שבקומה העליונה, תוהה אני שמא עודני בגן ההוא, שרוע על רצפת המערה, שבור ומפורק לגורמים.	וַאֲפִילּוּ בִּזְמַן כְּתִיבָתָן שֶׁל שׁוּרוֹת אֵלֶּה, בְּיוֹשְׁבֵי אֶל שׁוּלְחַן הָעֵץ בְּבֵיתִי, בְּעוֹדִי שׁוֹמֵעַ אֶת צְלִיל קוֹלָהּ שֶׁל אִשְׁתִּי הַטּוֹבָה מְדַבֶּרֶת אֶל יַלְדֵי בַּחֲדָרִים שֶׁבַּקּוֹמָה הָעֶלְיוֹנָה, תּוֹהֶה אֲנִי שֶׁמָּא עוֹדֶנִּי בַּגַּן הַהוּא, שָׂרוּעַ עַל רִצְפַּת הַמְּעָרָה, שָׁבוּר וּמְפוֹרָק לְגוֹרְמִים.	וַאֲפִילּוּ בִּזְמַן כְּתִיבָתָן שֶׁל שׁוּרוֹת אֵלֶּה, בְּיוֹשְׁבֵי אֶל שׁוּלְחַן הָעֵץ בְּבֵיתִי, בְּעוֹדִי שׁוֹמַעַת אֶת צְלִיל קוֹלָהּ שֶׁל בַּעֲלִי הַטּוֹב מְדַבֵּר אֶל יַלְדֵי בַּחֲדָרִים שֶׁבַּקּוֹמָה הָעֶלְיוֹנָה, תּוֹהָה אֲנִי שֶׁמָּא עוֹדֶנִּי בַּגַּן הַהוּא, שֶׁרוֹעָה עַל רִצְפַּת הַמְּעָרָה, שְׁבוּרָה וּמְפוֹרֶקֶת לְגוֹרְמִים.	1
36	15	אדמונדו פאס סולדן	פוקנר	רוצה	חורחה כיבה את המנוע של השברולט קבליר האדומה ושאל את אביו אם הוא רוצה משהו.	חוֹרְחֶה כִּיבָּה אֶת הַמָּנוֹעַ שֶׁל הַשֶּׁבְרוֹלְט קַבָלִיר הָאֲדוּמָּה וְשָׁאַל אֶת אָבִיו אִם הוּא רוֹצֶה מַשֶּׁהוּ.	אֱלִיעָנָה כִּיבְּתָה אֶת הַמָּנוֹעַ שֶׁל הַשֶּׁבְרוֹלֶט קַבָלִיר הָאֲדוּמָּה וְשָׁאֲלָה אֶת אִמָּהּ אִם הִיא רוֹצָה מַשֶּׁהוּ.	1
37	15	אדמונדו פאס סולדן	פוקנר	רוצה	הוא נזכר בערב שבו דפק על דלת המשרד של אביו וקול שבור שאל אותו מה הוא רוצה, והוא שאל אם הוא יכול לתת לו כמה פסו לקולנוע, והקול ענה שכן, ברור, וכשחורחה פתח את הדלת הוא ראה הבעה של צער אינסופי, אבל כעבור רגע הרגיש את המטבעות בידו, הסתובב ויצא.	הוּא נִזְכָּר בָּעֶרֶב שֶׁבּוֹ דָּפַק עַל דֶּלֶת הַמִּשְׂרָד שֶׁל אָבִיו וְקוֹל שָׁבוּר שָׁאַל אוֹתוֹ מָה הוּא רוֹצֶה.	הִיא נִזְכְּרָה בָּעֶרֶב שֶׁבּוֹ דָּפְקָה עַל דֶּלֶת הַמִּשְׂרָד שֶׁל אָבִיהָ וְקוֹל שָׁבוּר שָׁאַל אוֹתָהּ מָה הִיא רוֹצָה.	1
38	15	אדמונדו פאס סולדן	פוקנר	דומה	האם הוא דומה לו הרבה יותר ממה שהוא מוכן להודות?	הַאִם הוּא דּוֹמֶה לוֹ הַרְבֵּה יוֹתֵר מִמָּה שֶׁהוּא מוּכָן לְהוֹדוֹת?	הַאִם הִיא דּוֹמָה לָהּ הַרְבֵּה יוֹתֵר מִמָּה שֶׁהִיא מוּכָנָה לְהוֹדוֹת?	1
39	16	או. הנרי	העלה האחרון	חולה	"היא מאוד חולה וחלשה," אמרה סו, "והחום מדכא אותה וממלא לה את הראש ברעיונות מוזרים."	הוּא מְאוֹד חוֹלֶה וְחַלָּשׁ.	הִיא מְאוֹד חוֹלָה וְחַלָּשָׁה.	2
40	16	או. הנרי	העלה האחרון	חולה	זה לא מקום בשביל בחורה טובה כמו מיס יונסי לשכב חולה.	זֶה לֹא מָקוֹם בִּשְׁבִיל בָּחוּר טוֹב כְּמוֹ מַר אֵלִיּוֹט לִשְׁכַּב חוֹלֶה.	זֶה לֹא מָקוֹם בִּשְׁבִיל בַּחוּרָה טוֹבָה כְּמוֹ מִיס יוֹנְסִי לִשְׁכַּב חוֹלָה.	2
41	16	או. הנרי	העלה האחרון	רוצה	אני רוצה לראות," פקדה בלחש.	אֲנִי רוֹצֶה לִרְאוֹת פָּקַד בְּלַחַשׁ.	אֲנִי רוֹצָה לִרְאוֹת פָּקְדָה בְּלַחַשׁ.	2
42	16	או. הנרי	העלה האחרון	חולה	הוא היה חולה רק יומיים.	הוּא הָיָה חוֹלֶה רַק יוֹמַיִים.	הִיא הָיְיתָה חוֹלָה רַק יוֹמַיִים.	1
43	17	או. הנרי	כופר נפשו של הצ'יף האדום	רוצה	צ'יף אדום, אני אומר לילד, "אתה רוצה לחזור הביתה?"	אֲנִי אוֹמֵר לַיֶּלֶד, "אַתָּה רוֹצֶה לַחֲזוֹר הַבַּיְתָה?"	אֲנִי אוֹמֶרֶת לַיַּלְדָּה, "אַתְּ רוֹצָה לַחֲזוֹר הַבַּיְתָה?"	1
44	17	או. הנרי	כופר נפשו של הצ'יף האדום	רוצה	אני רוצה להיות הצופה השחור.	אֲנִי רוֹצֶה לִהְיוֹת הַצּוֹפֶה הַשָּׁחוֹר.	אֲנִי רוֹצָה לִהְיוֹת הַצּוֹפָה הַשְּׁחוֹרָה.	1
45	17	או. הנרי	כופר נפשו של הצ'יף האדום	רואה	 ביל מסתובב, וכשהוא רואה את הילד, הסומק נעלם מפניו והוא מתיישב ברפיון על הארץ ומתחיל לתלוש עשבים ונצרים קטנים מפה ומשם.	בִּיל מִסְתּוֹבֵב, וּכְשֶׁהוּא רוֹאֶה אֶת הַיֶּלֶד, הַסּוֹמֶק נֶעֱלַם מִפָּנָיו וְהוּא מִתְיַישֵּׁב בְּרִפְיוֹן עַל הָאָרֶץ וּמַתְחִיל לִתְלוֹשׁ עֲשָׂבִים וּנְצָרִים קְטַנִּים מַפָּה וּמִשָּׁם.	יָעֵל מִסְתּוֹבֶבֶת, וּכְשֶׁהִיא רוֹאָה אֶת הַיַּלְדָּה, הַסּוֹמֶק נֶעֱלַם מִפָּנֶיהָ וְהִיא מִתְיַישֶּׁבֶת בְּרִפְיוֹן עַל הָאָרֶץ וּמַתְחִילָה לִתְלוֹשׁ עֲשָׂבִים וּנְצָרִים קְטַנִּים מִפֹּה וּמִשָּׁם.	1
46	17	או. הנרי	כופר נפשו של הצ'יף האדום	חוצה	אם תארוב כנופיה של שוטרים למי שיבוא לקחת את הפתק, הם יוכלו לראות אותו ממרחק רב כשהוא חוצה את השדות או מתקדם בדרך.	הֵם יוּכְלוּ לִרְאוֹת אוֹתוֹ מִמֶּרְחָק רַב כְּשֶׁהוּא חוֹצֶה אֶת הַשָּׂדוֹת אוֹ מִתְקַדֵּם בְּדֶרֶךְ.	הֵם יוּכְלוּ לִרְאוֹת אוֹתָהּ מִמֶּרְחָק רַב כְּשֶׁהִיא חוֹצָה אֶת הַשָּׂדוֹת אוֹ מִתְקַדֶּמֶת בְּדֶרֶךְ.	1
47	17	או. הנרי	כופר נפשו של הצ'יף האדום	נוטה	לדעתי אתם מגזימים קצת בדרישותיכם, ובזה אני מגיש לכם הצעה נגדית, שאני נוטה להאמין שתקבלו אותה.	לְדַעְתִּי אַתֶּם מַגְזִימִים קְצָת בִּדְרִישׁוֹתֵיכֶם, וּבַזֶּה אֲנִי מַגִּישׁ לָכֶם הַצָּעָה נֶגְדִּית, שֶׁאֲנִי נוֹטֶה לְהַאֲמִין שֶׁתְּקַבְּלוּ אוֹתָהּ.	לְדַעְתִּי אַתֶּם מַגְזִימִים קְצָת בִּדְרִישׁוֹתֵיכֶם, וּבַזֶּה אֲנִי מַגִּישָׁה לָכֶם הַצָּעָה נֶגְדִּית, שֶׁאֲנִי נוֹטֶה לְהַאֲמִין שֶׁתְּקַבְּלוּ אוֹתָהּ.	1
48	18	או. הנרי	מתנת חכמי-הקדם	קונה	אני קונה שערות, אמרה הגברת.	אֲנִי קוֹנֶה שְׂעָרוֹת, אָמַר הָאָדוֹן.	אֲנִי קוֹנָה שְׂעָרוֹת, אָמְרָה הַגְּבֶרֶת.	2
49	19	אוגוסטין קופסה	התקררות	רוצה	הוא שאל אותו אם הוא רוצה שיגיד לו מה קרא שכתוב בתיק ואביו השיב שוב – "לא".	הוּא שָׁאַל אוֹתוֹ אִם הוּא רוֹצֶה שֶׁיַּגִּיד לוֹ מָה קָרָא שֶׁכָּתוּב בַּתִּיק וְאָבִיו הֵשִׁיב שׁוּב – "לֹא".	הִיא שָׁאֲלָה אוֹתָהּ אִם הִיא רוֹצָה שֶׁתַּגִּיד לוֹ מָה קָרְאָה שֶׁכָּתוּב בַּתִּיק וְאִמָּהּ הֵשִׁיבָה שׁוּב – "לֹא".	1
50	19	אוגוסטין קופסה	התקררות	רוצה	אז אזר אומץ ושאל אותו למה הוא לא רוצה לספר לו כלום.	אָז אָזַר אוֹמֶץ וְשָׁאַל אוֹתוֹ לָמָּה הוּא לֹא רוֹצֶה לְסַפֵּר לוֹ כְּלוּם.	אָז אָזְרָה אוֹמֶץ וְשָׁאֲלָה אוֹתָהּ לָמָּה הִיא לֹא רוֹצָה לְסַפֵּר לָהּ כְּלוּם.	1
51	19	אוגוסטין קופסה	התקררות	רוצה	יום אחד אמר לאשתו שהיה רוצה לנסוע לבוקרשט, כדי לקרוא את התיק שהיה בסקוריטטה על אבא שלו.	יוֹם אֶחָד אָמַר לְאִשְׁתּוֹ שֶׁהָיָה רוֹצֶה לִנְסוֹעַ לְבוּקָרֵשְׂט.	יוֹם אֶחָד אָמְרָה לְבַעֲלָהּ שֶׁהָיְיתָה רוֹצָה לִנְסוֹעַ לְבוּקָרֵשְׂט.	1
52	19	אוגוסטין קופסה	התקררות	רוצה	ואז פתאום שאל את אביו אם הוא היה רוצה לדעת מי הלשין עליו, כי בבוקרשט נפתחו התיקים לעיון הציבור.	וְאָז פִּתְאוֹם שָׁאֲלָה אֶת אָבִיו אִם הוּא הָיָה רוֹצֶה לָדַעַת מִי הִלְשִׁין עָלָיו.	וְאָז פִּתְאוֹם שָׁאֲלָה אֶת אִמָּהּ אִם הִיא הָיְיתָה רוֹצָה לָדַעַת מִי הִלְשִׁין עָלֶיהָ.	1
53	19	אוגוסטין קופסה	התקררות	רוצה	לעומת זאת שאל את אביו אם הוא רוצה קינוח, אבל האב העדיף כוס מים.	לְעוּמַּת זֹאת שָׁאַל אֶת אָבִיו אִם הוּא רוֹצֶה קִינּוּחַ, אֲבָל הָאָב הֶעֱדִיף כּוֹס מַיִם.	לְעוּמַּת זֹאת שָׁאֲלָה אֶת אִמָּהּ אִם הִיא רוֹצָה קִינּוּחַ, אֲבָל הָאֵם הֶעֱדִיפָה כּוֹס מַיִם.	1
54	19	אוגוסטין קופסה	התקררות	רוצה	בטוח שאתה לא רוצה מרק?	בָּטוּחַ שֶׁאַתָּה לֹא רוֹצֶה מָרָק?	בְּטוּחָה שֶׁאַתְּ לֹא רוֹצָה מָרָק?	1
55	20	אווה מֶנָסֶה	עצלות	רוצה	אחרי הכול זו הייתה אישה שידעה מה היא רוצה.	אַחֲרֵי הַכּוֹל זֶה הָיָה אִישׁ שֶׁיָּדַע מָה הוּא רוֹצֶה.	אַחֲרֵי הַכּוֹל זוֹ הָיְיתָה אִישָּׁה שֶׁיָּדְעָה מָה הִיא רוֹצָה.	2
56	20	אווה מֶנָסֶה	עצלות	גאה	הוא אפילו היה כמעט גאה בעצמו.	הוּא אֲפִילּוּ הָיָה כִּמְעַט גֵּאֶה בְּעַצְמוֹ.	הִיא אֲפִילּוּ הָיְיתָה כִּמְעַט גֵּאָה בְּעַצְמָהּ.	1
57	20	אווה מֶנָסֶה	עצלות	רוצה	הוא תמיד חשב מראש על פתרון, בדרך כלל על ידי כך שניסה לחשוב מה יהודית הייתה רוצה באותו רגע.	הִיא תָּמִיד חָשְׁבָה מֵרֹאשׁ עַל פִּתְרוֹן, בְּדֶרֶךְ כְּלָל עַל יְדֵי כָּךְ שֶׁנִּיסְּתָה לַחֲשׁוֹב מָה יוֹסִי הָיָה רוֹצֶה בְּאוֹתוֹ רֶגַע.	הוּא תָּמִיד חָשַׁב מֵרֹאשׁ עַל פִּתְרוֹן, בְּדֶרֶךְ כְּלָל עַל יְדֵי כָּךְ שֶׁנִּיסָּה לַחֲשׁוֹב מָה יְהוּדִית הָיְיתָה רוֹצָה בְּאוֹתוֹ רֶגַע.	2
58	20	אווה מֶנָסֶה	עצלות	עולה	היא כבר עולה לבן שלה עם זה על העצבים עד כדי כך שהוא דווקא לא יגשים לה את המשאלה.	הוּא כְּבָר עוֹלֶה לַבֵּן שֶׁלָּהּ עִם זֶה עַל הָעֲצַבִּים.	הִיא כְּבָר עוֹלָה לַבֵּן שֶׁלָּהּ עִם זֶה עַל הָעֲצַבִּים.	2
59	20	אווה מֶנָסֶה	עצלות	רוצה	היא רוצה ללחוץ עליו?	הוּא רוֹצֶה לִלְחוֹץ עָלֶיהָ?	הִיא רוֹצָה לִלְחוֹץ עָלָיו?	2
60	21	אונורה דה בלזק	אל וֶרדוּגוֹ	בוכה	מריקיטה, את בוכה?	מֵרִיקִיטָה, אַתָּה בּוֹכֶה?	מֵרִיקִיטָה, אַתְּ בּוֹכָה?	2
61	22	אוסקר וויילד	הדייג ונשמתו	שווה	שווה היא את כל הזהב בתבל, ויקרה מכל אבני האודם שבידי מלכים.	שָׁוֶוה הוּא אֶת כָּל הַזָּהָב בַּתֵּבֵל, וְיָקָר מִכָּל אַבְנֵי הָאוֹדֶם שֶׁבִּידֵי מְלָכִים.	שָׁוָוה הִיא אֶת כָּל הַזָּהָב בְּתֵבֵל, וִיקָרָה מִכָּל אַבְנֵי הָאוֹדֶם שֶׁבִּידֵי מְלָכִים.	2
62	22	אוסקר וויילד	הדייג ונשמתו	שווה	אין היא שווה מעה שחוקה של כסף.	אֵין הוּא שָׁוֶוה מֵאָה שְׁחוּקָה שֶׁל כֶּסֶף.	אֵין הִיא שָׁוָוה מֵאָה שְׁחוּקָה שֶׁל כֶּסֶף.	2
63	22	אוסקר וויילד	הדייג ונשמתו	רואה	והוא ענה לי: 'אין אל אחר, אלא רק הראי שאתה רואה, כי זהו ראי החכמה.'	אֵין אֵל אַחֵר, אֶלָּא רַק הָרְאִי שֶׁאַתָּה רוֹאֶה, כִּי זֶהוּ רְאִי הַחָכְמָה.	אֵין אֵל אַחֵר, אֶלָּא רַק הָרְאִי שֶׁאַתְּ רוֹאָה, כִּי זֶהוּ רְאִי הַחָכְמָה.	1
64	22	אוסקר וויילד	הדייג ונשמתו	עוטה	 הוא התיישב אז בכיכר השוק ונח, ולאחר זמן מה, עבר שם סוחר, עוטה ברדס וגלימה מבד של ארץ הטטארים, ונושא בידו מנורה מקרן חרורה, תלויה בקצה של קנה מפורק.	הוּא הִתְיַישֵּׁב אָז בְּכִיכַּר הַשּׁוּק וְנָח, וּלְאַחַר זְמַן מָה, עָבַר שָׁם סוֹחֵר, עוֹטֶה בַּרְדָּס וּגְלִימָה מִבַּד שֶׁל אֶרֶץ הַטְּטָארִים, וְנוֹשֵׂא בְּיָדוֹ מְנוֹרָה מִקֶּרֶן חֲרוּרָה, תְּלוּיָה בַּקָּצֶה שֶׁל קָנֶה מְפוֹרָק.	הִיא הִתְיַישְּׁבָה אָז בְּכִיכַּר הַשּׁוּק וְנָחָה, וּלְאַחַר זְמַן מָה, עָבְרָה שָׁם סוֹחֶרֶת, עוֹטָה בַּרְדָּס וּגְלִימָה מִבַּד שֶׁל אֶרֶץ הַטְּטָארִים, וְנוֹשֵׂאת בְּיָדָהּ מְנוֹרָה מִקֶּרֶן חֲרוּרָה, תְּלוּיָה בַּקָּצֶה שֶׁל קָנֶה מְפוֹרָק.	1
65	22	אוסקר וויילד	הדייג ונשמתו	בוכה	כאדם מוכה כאב, השליך את עצמו בוכה על הארץ לצדו; נשק לאדום הצונן של השפתיים, והשתעשע בענבר הרטוב של השער.	הִשְׁלִיךְ אֶת עַצְמוֹ בּוֹכֶה עַל הָאָרֶץ לְצִדּוֹ.	הִשְׁלִיכָה אֶת עַצְמָהּ בּוֹכָה עַל הָאָרֶץ לְצִדָּהּ.	1
66	22	אוסקר וויילד	הדייג ונשמתו	בוכה	על החול לצדו השליך את עצמו, בוכה כאדם הרועד מגיל, ובזרועותיו השחומות אימץ אותו אל חזהו.	עַל הַחוֹל לְצִדּוֹ הִשְׁלִיךְ אֶת עַצְמוֹ, בּוֹכֶה כְּאָדָם הָרוֹעֵד מִגִּיל, וּבִזְרוֹעוֹתָיו הַשְּׁחוּמוֹת אִימֵּץ אוֹתוֹ אֶל חָזֵהוּ.	עַל הַחוֹל לְצִדָּהּ הִשְׁלִיכָה אֶת עַצְמָהּ, בּוֹכָה כְּאָדָם הָרוֹעֵד מִגִּיל, וּבִזְרוֹעוֹתֶיהָ הַשְּׁחוּמוֹת אִימְּצָה אוֹתָהּ אֶל חָזָהּ.	1
67	23	אוסקר וויילד	מודל למיליונר	רוצה	יש לו בית בכל עיר בירה, הוא אוכל מצלחות זהב, ואם הוא רוצה, הוא יכול למנוע את רוסיה מלצאת למלחמה.	יֵשׁ לוֹ בַּיִת בְּכָל עִיר בִּירָה, הוּא אוֹכֶל מִצַּלָּחוֹת זָהָב, וְאִם הוּא רוֹצֶה, הוּא יָכוֹל לִמְנוֹעַ אֶת רוּסְיָה מִלָּצֵאת לְמִלְחָמָה.	יֵשׁ לָהּ בַּיִת בְּכָל עִיר בִּירָה, הִיא אוֹכֶלֶת מִצַּלָּחוֹת זָהָב, וְאִם הִיא רוֹצָה, הִיא יְכוֹלָה לִמְנוֹעַ אֶת רוּסְיָה מִלָּצֵאת לְמִלְחָמָה.	1
68	23	אוסקר וויילד	מודל למיליונר	רוצה	חוץ מזה, האמת היא שלא הייתי פנוי לקבל אורחים היום, וכשבאת לא ידעתי אם האוסברג היה רוצה ששמו יוזכר, אתה יודע, הרי הוא לא היה בלבוש רשמי הולם.	לֹא יָדַעְתִּי אִם הָאוֹסְבֵּרְג הָיָה רוֹצֶה שֶׁשְּׁמוֹ יוּזְכַּר.	לֹא יָדַעְתִּי אִם הָאוּסְבֵּרְג הָיְיתָה רוֹצָה שֶׁשְּׁמָהּ יוּזְכַּר.	1
69	24	אופיר עוז	למה אנחנו לא עושים את זה	פונה	 היא פונה אליי פתאום.	הוּא פּוֹנֶה אֵלַיי פִּתְאוֹם.	הִיא פּוֹנָה אֵלַיי פִּתְאוֹם.	2
70	24	אופיר עוז	למה אנחנו לא עושים את זה	רוצה	שיחקתי את התומך, המבין, המכיל, עד שערב אחד שאלה: "אתה רוצה לנסות?"	שִׂיחַקְתִּי אֶת הַתּוֹמֵךְ, הַמֵּבִין, הַמֵּכִיל, עַד שֶׁעֶרֶב אֶחָד שָׁאֲלָה: "אַתָּה רוֹצֶה לְנַסּוֹת?"	שִׂיחַקְתִּי אַתְּ הַתּוֹמֶכֶת, הַמְּבִינָה, הַמְּכִילָה, עַד שֶׁעֶרֶב אֶחָד שָׁאַל: "אַתְּ רוֹצָה לְנַסּוֹת?"	1
71	24	אופיר עוז	למה אנחנו לא עושים את זה	עונה	להסתיר אותה, הוא עונה לעצמו, "זאת הדרך היחידה, להסתיר אותה כאן בבית שלנו."	לְהַסְתִּיר אוֹתָהּ, הוּא עוֹנֶה לְעַצְמוֹ, "זֹאת הַדֶּרֶךְ הַיְּחִידָה, לְהַסְתִּיר אוֹתָהּ כָּאן בַּבַּיִת שֶׁלָּנוּ."	לְהַסְתִּיר אוֹתוֹ, הִיא עוֹנָה לְעַצְמָהּ, "זֹאת הַדֶּרֶךְ הַיְּחִידָה, לְהַסְתִּיר אוֹתוֹ כָּאן בַּבַּיִת שֶׁלָּנוּ."	1
72	24	אופיר עוז	למה אנחנו לא עושים את זה	פונה	אז בואי נבדוק רגע מה זה אומר: את פונה אל הילדה, או אל האמא ואל האבא, אם יש אבא בתמונה, ומזמינה אותם אלינו.	אָז בּוֹאִי נִבְדּוֹק רֶגַע מָה זֶה אוֹמֵר: אַתָּה פּוֹנֶה אֶל הַיַּלְדָּה, אוֹ אֶל הָאִמָּא וְאֶל הָאַבָּא, אִם יֵשׁ אַבָּא בַּתְּמוּנָה, וּמַזְמִין אוֹתָם אֵלֵינוּ.	אָז בּוֹאִי נִבְדּוֹק רֶגַע מָה זֶה אוֹמֵר: אַתְּ פּוֹנָה אֶל הַיַּלְדָּה, אוֹ אֶל הָאִמָּא וְאֶל הָאַבָּא, אִם יֵשׁ אַבָּא בַּתְּמוּנָה, וּמַזְמִינָה אוֹתָם אֵלֵינוּ.	2
73	24	אופיר עוז	למה אנחנו לא עושים את זה	רוצה	מישהו רוצה לשתות עוד משהו, תה?	מִישֶׁהוּ רוֹצֶה לִשְׁתּוֹת עוֹד מַשֶּׁהוּ, תֶּה?	מִישֶׁהִי רוֹצָה לִשְׁתּוֹת עוֹד מַשֶּׁהוּ, תֶּה?	1
74	25	אופיר עוז	שמחתי לא להכיר אותך	רוצה	לכי אליהם, מה את רוצה ממני?	לֵךְ אֲלֵיהֶם, מָה אַתָּה רוֹצֶה מִמֶּנִּי?	לְכִי אֲלֵיהֶם, מָה אַתְּ רוֹצָה מִמֶּנִּי?	2
75	25	אופיר עוז	שמחתי לא להכיר אותך	בוהה	הוא לא מעניין אותי – הילד שלהם – בדרך כלל הוא יותר קטן ממני, בוהה בי עם פרצוף הנזלת שלו, וישר אני מבין שיהיו צרות, כי אני לא מתכוון לסבול אותו יותר מידי.	הוּא לֹא מְעַנְיֵין אוֹתִי – הַיֶּלֶד שֶׁלָּהֶם – בְּדֶרֶךְ כְּלָל הוּא יוֹתֵר קָטָן מִמֶּנִּי, בּוֹהֶה בִּי עִם פַּרְצוּף הַנַּזֶּלֶת שֶׁלּוֹ.	הִיא לֹא מְעַנְיֶינֶת אוֹתִי – הַיַּלְדָּה שֶׁלָּהֶם – בְּדֶרֶךְ כְּלָל הִיא יוֹתֵר קְטַנָּה מִמֶּנִּי, בּוֹהָה בִּי עִם פַּרְצוּף הַנַּזֶּלֶת שֶׁלָּהּ.	1
76	25	אופיר עוז	שמחתי לא להכיר אותך	בוכה	כי הילד שלהם בוכה?	כִּי הַיֶּלֶד שֶׁלָּהֶם בּוֹכֶה?	כִּי הַיַּלְדָּה שֶׁלָּהֶם בּוֹכָה?	1
77	26	אופק קהילה	המסתורי שיש ביניהם	רואה	האצבעות עכשיו שאני רואה את זה פתאום אני מבינה שאין להן מפרקים.	הָאֶצְבָּעוֹת עַכְשָׁיו שֶׁאֲנִי רוֹאֶה אֶת זֶה פִּתְאוֹם אֲנִי מֵבִין שֶׁאֵין לָהֶן מִפְרָקִים.	הָאֶצְבָּעוֹת עַכְשָׁיו שֶׁאֲנִי רוֹאָה אֶת זֶה פִּתְאוֹם אֲנִי מְבִינָה שֶׁאֵין לָהֶן מִפְרָקִים.	2
78	26	אופק קהילה	המסתורי שיש ביניהם	רוצה	היא רוצה לצאת מהתיק ולהסתכל מהחלון אז הפעם אני פשוט נותנת לה וזהו.	הוּא רוֹצֶה לָצֵאת מֵהַתִּיק וּלְהִסְתַּכֵּל מֵהַחַלּוֹן אָז הַפַּעַם אֲנִי פָּשׁוּט נוֹתֵן לוֹ וְזֶהוּ.	הִיא רוֹצָה לָצֵאת מֵהַתִּיק וּלְהִסְתַּכֵּל מֵהַחַלּוֹן אָז הַפַּעַם אֲנִי פָּשׁוּט נוֹתֶנֶת לָהּ וְזֶהוּ.	2
79	26	אופק קהילה	המסתורי שיש ביניהם	רוצה	כל מיני שטויות שבטח יש לה בראש ובבוקר היא עייפה מידי ולא רוצה ללכת איתי לאוניברסיטה.	כָּל מִינֵי שְׁטוּיוֹת שֶׁבֶּטַח יֵשׁ לוֹ בָּרֹאשׁ וּבַבּוֹקֶר הוּא עָיֵיף מִדַּי וְלֹא רוֹצֶה לָלֶכֶת אִיתִּי לָאוּנִיבֶרְסִיטָה.	כָּל מִינֵי שְׁטוּיוֹת שֶׁבֶּטַח יֵשׁ לָהּ בָּרֹאשׁ וּבַבּוֹקֶר הִיא עֲיֵיפָה מִדַּי וְלֹא רוֹצָה לָלֶכֶת אִיתִּי לָאוּנִיבֶרְסִיטָה.	2
80	26	אופק קהילה	המסתורי שיש ביניהם	תולה	אני תולה את המעיל ואומרת שלום.	אֲנִי תּוֹלֶה אֶת הַמְּעִיל וְאוֹמֵר שָׁלוֹם.	אֲנִי תּוֹלָה אֶת הַמְּעִיל וְאוֹמֶרֶת שָׁלוֹם.	2
81	26	אופק קהילה	המסתורי שיש ביניהם	רוצה	אנחנו הולכות עד סנטה פה ופונות שם שמאלה והולכות וממשיכות ללכת שם איזה שעה ועוברות בנקים וכנסיות ועוברות ליד האטנאו וקלאו צוחקת כל מה שאת רוצה לעשות זה לחפש פה עוד ספרים והיא לוקחת לי את היד ואנחנו הולכות במשך שעות ובסוף מתעייפות ולוקחות מונית הביתה.	כָּל מָה שֶׁאַתָּה רוֹצֶה לַעֲשׂוֹת זֶה לְחַפֵּשׂ פֹּה עוֹד סְפָרִים.	כָּל מָה שֶׁאַתְּ רוֹצָה לַעֲשׂוֹת זֶה לְחַפֵּשׂ פֹּה עוֹד סְפָרִים.	2
82	26	אופק קהילה	המסתורי שיש ביניהם	רוצה	אני הלכתי והרגשתי אותו מסתכל לי על העורף וחשבתי שהוא רוצה להרוג אותי.	אֲנִי הָלַכְתִּי וְהִרְגַּשְׁתִּי אוֹתוֹ מִסְתַּכֵּל לִי עַל הָעוֹרֶף וְחָשַׁבְתִּי שֶׁהוּא רוֹצֶה לַהֲרוֹג אוֹתִי.	אֲנִי הָלַכְתִּי וְהִרְגַּשְׁתִּי אוֹתָהּ מִסְתַּכֶּלֶת לִי עַל הָעוֹרֶף וְחָשַׁבְתִּי שֶׁהִיא רוֹצָה לַהֲרוֹג אוֹתִי.	1
83	26	אופק קהילה	המסתורי שיש ביניהם	עונה	קלאודיה לא עונה כשאני מנסה להשיג אותה בטלפון.	אַבְרָהָם לֹא עוֹנָה כְּשֶׁאֲנִי מְנַסֶּה לְהַשִּׂיג אוֹתוֹ בַּטֵּלֵפוֹן.	קְלָאוּדְיָה לֹא עוֹנָה כְּשֶׁאֲנִי מְנַסֶּה לְהַשִּׂיג אוֹתָהּ בַּטֵּלֵפוֹן.	2
84	26	אופק קהילה	המסתורי שיש ביניהם	רואה	לפעמים היה לי אומץ והסתכלתי עליו עובר בקצה של החלון והוא השתעל ממש רע והתכופף על הרצפה והקיא מלא קורים ואז הסתובב בפתאומיות כאילו הוא מרגיש שמישהו רואה אותו.	מִישֶׁהוּ רוֹאֶה אוֹתוֹ.	מִישֶׁהִי רוֹאָה אוֹתָהּ.	1
85	26	אופק קהילה	המסתורי שיש ביניהם	טועה	אבל מי שחושב שהמקום הזה הוא כמו הפיאסטה או החווה הוא טועה ובגדול.	אֲבָל מִי שֶׁחוֹשֵׁב שֶׁהַמָּקוֹם הַזֶּה הוּא כְּמוֹ הַפִּיאַסְטָה אוֹ הַחַוָּוה הוּא טוֹעֶה וּבְגָדוֹל.	אֲבָל מִי שֶׁחוֹשֶׁבֶת שֶׁהַמָּקוֹם הַזֶּה הוּא כְּמוֹ הַפִּיאַסְטָה אוֹ הַחַוָּוה הִיא טוֹעָה וּבְגָדוֹל.	1
86	26	אופק קהילה	המסתורי שיש ביניהם	רואה	אני לא מאמינה למה שאני רואה.	אֲנִי לֹא מַאֲמִין לְמָה שֶׁאֲנִי רוֹאֶה.	אֲנִי לֹא מַאֲמִינָה לְמָה שֶׁאֲנִי רוֹאָה.	2
87	27	אורי אורלב	הסינים	רוצה	 מה את רוצה שאעשה, מותק?	מָה אַתָּה רוֹצֶה שֶׁאֶעֱשֶׂה, מוֹתֶק?	מָה אַתְּ רוֹצָה שֶׁאֶעֱשֶׂה, מוֹתֶק?	2
88	27	אורי אורלב	הסינים	רוצה	את רוצה בטח שאבריח לך אחד כזה במכונית של הקצין שלי, מה?	אַתָּה רוֹצֶה בֶּטַח שֶׁאַבְרִיחַ לְךָ אֶחָד כָּזֶה בַּמְּכוֹנִית שֶׁל הַקְּצִינָה שֶׁלִּי, מָה?	אַתְּ רוֹצָה בֶּטַח שֶׁאַבְרִיחַ לָךְ אֶחָד כָּזֶה בַּמְּכוֹנִית שֶׁל הַקָּצִין שֶׁלִּי, מָה?	2
89	27	אורי אורלב	הסינים	רוצה	אני לא צריך להישאר כאן אם את לא רוצה.	אֲנִי לֹא צְרִיכָה לְהִישָּׁאֵר כָּאן אִם אַתָּה לֹא רוֹצֶה.	אֲנִי לֹא צָרִיךְ לְהִישָּׁאֵר כָּאן אִם אַתְּ לֹא רוֹצָה.	2
90	27	אורי אורלב	הסינים	בוכה	כשהחזרתי אליה שוב את מבטי ראיתי שהיא בוכה.	כְּשֶׁהֶחֱזַרְתִּי אֵלָיו שׁוּב אֶת מַבָּטִי רָאִיתִי שֶׁהוּא בּוֹכֶה.	כְּשֶׁהֶחֱזַרְתִּי אֵלֶיהָ שׁוּב אֶת מַבָּטִי רָאִיתִי שֶׁהִיא בּוֹכָה.	2
91	28	אורי ניסן גנסין	קטטה	רוצה	מה אתה רוצה ממני, מה?	מָה אַתָּה רוֹצֶה מִמֶּנִּי, מָה?	מָה אַתְּ רוֹצָה מִמֶּנִּי, מָה?	1
92	28	אורי ניסן גנסין	קטטה	רוצה	רוצה אני – ואני בורח לסטארודוב!	רוֹצֶה אֲנִי – וַאֲנִי בּוֹרֵחַ לִסְטָארוֹדוֹב!	רוֹצָה אֲנִי – וַאֲנִי בּוֹרַחַת לִסְטָארוֹדוֹב!	1
93	29	אורית וולפיילר	שווייצריה זה כאן	רוצה	כל כך אני רוצה להגיד לה את זה אבל בסוף רק מהנהנת, כדי לצמצם כמה שיותר את הזמן של הדיבורים ולהרוויח עוד כמה דקות של שקט.	כָּל כָּךְ אֲנִי רוֹצֶה לְהַגִּיד לוֹ אֶת זֶה אֲבָל בְּסוֹף רַק מְהַנְהֵן, כְּדֵי לְצַמְצֵם כַּמָּה שֶׁיּוֹתֵר אֶת הַזְּמַן שֶׁל הַדִּיבּוּרִים וּלְהַרְוִויחַ עוֹד כַּמָּה דַּקּוֹת שֶׁל שֶׁקֶט.	כָּל כָּךְ אֲנִי רוֹצָה לְהַגִּיד לָהּ אֶת זֶה אֲבָל בְּסוֹף רַק מְהַנְהֶנֶת, כְּדֵי לְצַמְצֵם כַּמָּה שֶׁיּוֹתֵר אֶת הַזְּמַן שֶׁל הַדִּיבּוּרִים וּלְהַרְוִויחַ עוֹד כַּמָּה דַּקּוֹת שֶׁל שֶׁקֶט.	2
94	29	אורית וולפיילר	שווייצריה זה כאן	רוצה	עכשיו ביחד הוא רוצה שנבדוק שהדלת נעולה, כמו שלימדתי את עצמי ואותו.	עַכְשָׁיו בְּיַחַד הוּא רוֹצֶה שֶׁנִּבְדּוֹק שֶׁהַדֶּלֶת נְעוּלָה, כְּמוֹ שֶׁלִּימַּדְתִּי אֶת עַצְמִי וְאוֹתוֹ.	עַכְשָׁיו בְּיַחַד הִיא רוֹצָה שֶׁנִּבְדּוֹק שֶׁהַדֶּלֶת נְעוּלָה, כְּמוֹ שֶׁלִּימַּדְתִּי אֶת עַצְמִי וְאוֹתָהּ.	1
95	29	אורית וולפיילר	שווייצריה זה כאן	עונה	האישה שלו אומרת שצפרדע, והבעל שלה עונה שלא יכול להיות ושמה היא מבינה מהחיים שלה.	הָאִישָּׁה שֶׁלּוֹ אוֹמֶרֶת שֶׁצְּפַרְדֵּעַ, וְהַבַּעַל שֶׁלָּהּ עוֹנֶה שֶׁלֹּא יָכוֹל לִהְיוֹת וְשֶׁמָּה הִיא מְבִינָה מֵהַחַיִּים שֶׁלָּהּ.	הָאִישׁ שֶׁלּוֹ אוֹמֵר שֶׁצְּפַרְדֵּעַ, וְהָאִישָּׁה שֶׁלָּהּ עוֹנָה שֶׁלֹּא יָכוֹל לִהְיוֹת וְשֶׁמָּה הוּא מֵבִין מֵהַחַיִּים שֶׁלּוֹ.	1
96	29	אורית וולפיילר	שווייצריה זה כאן	רוצה	כמו שערב קיץ אחד, אחרי שבאמבטיה, לא שטפתי לו טוב-טוב את כפות הרגליים, הילד שלי אמר לי שהוא רוצה הביתה.	כְּמוֹ שֶׁעֶרֶב קַיִץ אֶחָד, אַחֲרֵי שֶׁבָּאַמְבַּטְיָה, לֹא שָׁטַפְתִּי לוֹ טוֹב-טוֹב אֶת כַּפּוֹת הָרַגְלַיִים, הַיֶּלֶד שֶׁלִּי אָמַר לִי שֶׁהוּא רוֹצֶה הַבַּיְתָה.	כְּמוֹ שֶׁעֶרֶב קַיִץ אֶחָד, אַחֲרֵי שֶׁבָּאַמְבַּטְיָה, לֹא שָׁטַפְתִּי לָהּ טוֹב-טוֹב אֶת כַּפּוֹת הָרַגְלַיִים, הַיַּלְדָּה שֶׁלִּי אָמְרָה לִי שֶׁהִיא רוֹצָה הַבַּיְתָה.	1
97	29	אורית וולפיילר	שווייצריה זה כאן	רוצה	אם אני רוצה ליישר את הרגליים, אני לא יכולה כי אני יותר ארוכה מהמזרן.	אִם אֲנִי רוֹצֶה לְיַישֵּׁר אֶת הָרַגְלַיִים, אֲנִי לֹא יָכוֹל כִּי אֲנִי יוֹתֵר אָרוֹךְ מֵהַמִּזְרָן.	אִם אֲנִי רוֹצָה לְיַישֵּׁר אֶת הָרַגְלַיִים, אֲנִי לֹא יְכוֹלָה כִּי אֲנִי יוֹתֵר אֲרוּכָּה מֵהַמִּזְרָן.	2
98	29	אורית וולפיילר	שווייצריה זה כאן	רואה	האישה שלו אומרת שבלי קפה היא לא יכולה להתעורר, שהנה היא כבר קצת רואה למטה הרבה ירוק עם גגות אדומים, ושאולי מישהו מאיתנו יודע איפה אנחנו בכלל.	הַבַּעַל שֶׁלָּהּ אוֹמֵר שֶׁבְּלִי קָפֶה הוּא לֹא יָכוֹל לְהִתְעוֹרֵר, שֶׁהִנֵּה הוּא כְּבָר קְצָת רוֹאֶה לְמַטָּה הַרְבֵּה יָרוֹק עִם גַּגּוֹת אֲדוּמִּים, וְשֶׁאוּלַי מִישֶׁהוּ מֵאִיתָּנוּ יוֹדֵעַ אֵיפֹה אֲנַחְנוּ בִּכְלָל.	הָאִישָּׁה שֶׁלּוֹ אוֹמֶרֶת שֶׁבְּלִי קָפֶה הִיא לֹא יְכוֹלָה לְהִתְעוֹרֵר, שֶׁהִנֵּה הִיא כְּבָר קְצָת רוֹאָה לְמַטָּה הַרְבֵּה יָרוֹק עִם גַּגּוֹת אֲדוּמִּים, וְשֶׁאוּלַי מִישֶׁהוּ מֵאִיתָּנוּ יוֹדֵעַ אֵיפֹה אֲנַחְנוּ בִּכְלָל.	2
99	29	אורית וולפיילר	שווייצריה זה כאן	עונה	הבעל שלה עונה לה שבוודאות הוא לא יודע, אבל מה שבטוח זה שאנחנו כבר כאן ואני אומרת להם שכאן, כאן זה שווייצריה.	הַבַּעַל שֶׁלָּהּ עוֹנֶה לָהּ שֶׁבְּוַודָּאוּת הוּא לֹא יוֹדֵעַ, אֲבָל מָה שֶׁבָּטוּחַ זֶה שֶׁאֲנַחְנוּ כְּבָר כָּאן וַאֲנִי אוֹמֶרֶת לָהֶם שֶׁכָּאן, כָּאן זֶה שְׁוֵויְיצָרְיָה.	הָאִישָּׁה שֶׁלּוֹ עוֹנָה לוֹ שֶׁבְּוַודָּאוֹת הִיא לֹא יוֹדַעַת, אֲבָל מָה שֶׁבָּטוּחַ זֶה שֶׁאֲנַחְנוּ כְּבָר כָּאן וַאֲנִי אוֹמֶרֶת לָהֶם שֶׁכָּאן, כָּאן זֶה שְׁוֵויְיצָרְיָה.	1
100	30	אורלי קסטל-בלום	אלף שקל לסיפור	רוצה	 הסיפור הזה הוא בשבילך – פורקן, תרפיה, אוטותרפיה, מה את רוצה ממני?	הַסִּיפּוּר הַזֶּה הוּא בִּשְׁבִילְךָ – פּוּרְקָן, תֵּרַפְּיָה, אוֹטוֹתֵרַפְּיָה, מָה אַתָּה רוֹצֶה מִמֶּנִּי?	הַסִּיפּוּר הַזֶּה הוּא בִּשְׁבִילֵךְ – פּוּרְקָן, תֵּרַפְּיָה, אוֹטוֹתֵרַפְּיָה, מָה אַתְּ רוֹצָה מִמֶּנִּי?	2